,doc_id,core_id,sent_num,phrase_start,phrase_end
0,T890102.141,135,135,135,135
1,T890102.154,39,39,39,39
2,T890102.38,89,89,89,89
3,T890102.50,250,250,250,250
4,T890102.82,74,74,74,74
5,T890102.84,148,148,148,148
6,T890103.208,69,69,69,69
7,T890103.246,94,94,94,94
8,T890104.37,59,59,59,59
9,T890104.86,63,63,63,63
10,T890107.165,66,66,66,66
11,T890107.209,217,217,217,217
12,T890109.190,196,196,196,196
13,T890110.171,126,126,126,126
14,T890111.43,176,176,176,176
15,T890111.50,58,58,58,58
16,T890111.60,63,63,63,63
17,T890112.182,129,129,129,129
18,T890113.173,94,94,94,94
19,T890113.88,92,92,92,92
20,T890114.153,171,171,171,171
21,T890116.194,29,29,29,29
22,T890116.222,112,112,112,112
23,T890116.80,105,105,105,105
24,T890117.179,106,106,106,106
25,T890117.84,75,75,75,75
26,T890118.155,196,196,196,196
27,T890118.245,39,39,39,39
28,T890118.77,81,81,81,81
29,T890118.82,22,22,22,22
30,T890119.163,109,109,109,109
31,T890120.107,79,79,79,79
32,T890120.169,260,260,260,260
33,T890121.161,101,101,101,101
34,T890124.73,74,74,74,74
35,T890125.199,197,197,197,197
36,T890125.51,30,30,30,30
37,T890125.79,89,89,89,89
38,T890126.270,28,28,28,28
39,T890126.290,66,66,66,66
40,T890128.121,58,58,58,58
41,T890128.24,70,70,70,70
42,T890128.87,196,196,196,196
43,T890128.88,294,294,294,294
44,T890130.95,43,43,43,43
45,T890201.130,77,77,77,77
46,T890201.31,54,54,54,54
47,T890201.44,70,70,70,70
48,T890201.79,174,174,174,174
49,T890201.88,170,170,170,170
50,T890202.90,178,178,178,178
51,T890203.121,65,65,65,65
52,T890203.59,109,109,109,109
53,T890204.113,90,90,90,90
54,T890204.93,164,164,164,164
55,T890206.26,51,51,51,51
56,T890206.76,91,91,91,91
57,T890207.104,78,78,78,78
58,T890208.58,163,163,163,163
59,T890208.75,180,180,180,180
60,T890209.180,72,72,72,72
61,T890209.83,50,50,50,50
62,T890209.90,61,61,61,61
63,T890210.143,134,134,134,134
64,T890211.57,68,68,68,68
65,T890213.24,104,104,104,104
66,T890214.213,76,76,76,76
67,T890214.47,51,51,51,51
68,T890214.62,186,186,186,186
69,T890215.146,112,112,112,112
70,T890215.220,126,126,126,126
71,T890215.83,142,142,142,142
72,T890216.113,187,187,187,187
73,T890216.114,115,115,115,115
74,T890216.162,69,69,69,69
75,T890216.172,146,146,146,146
76,T890216.27,97,97,97,97
77,T890217.175,37,37,37,37
78,T890217.70,86,86,86,86
79,T890218.122,60,60,60,60
80,T890218.187,153,153,153,153
81,T890218.51,46,46,46,46
82,T890218.89,48,48,48,48
83,T890220.119,73,73,73,73
84,T890220.45,60,60,60,60
85,T890220.95,90,90,90,90
86,T890221.64,79,79,79,79
87,T890221.92,209,209,209,209
88,T920710.1,4,4,4,4
89,T920710.10,15,15,15,15
90,T920710.100,7,7,7,7
91,T920710.101,19,19,19,19
92,T920710.102,5,5,5,5
93,T920710.103,7,7,7,7
94,T920710.105,33,33,33,33
95,T920710.106,18,18,18,18
96,T920710.107,5,5,5,5
97,T920710.108,38,38,38,38
98,T920710.109,112,112,112,112
99,T920710.110,16,16,16,16
100,T920710.111,37,37,37,37
101,T920710.112,28,28,28,28
102,T920710.113,17,17,17,17
103,T920710.114,29,29,29,29
104,T920710.115,17,17,17,17
105,T920710.117,23,23,23,23
106,T920710.118,9,9,9,9
107,T920710.119,30,30,30,30
108,T920710.121,12,12,12,12
109,T920710.133,26,26,26,26
110,T920710.136,59,59,59,59
111,T920710.137,30,30,30,30
112,T920710.138,4,4,4,4
113,T920710.139,5,5,5,5
114,T920710.140,3,3,3,3
115,T920710.141,2,2,2,2
116,T920710.142,9,9,9,9
117,T920710.143,68,68,68,68
118,T920710.144,15,15,15,15
119,T920710.145,2,2,2,2
120,T920710.146,2,2,2,2
121,T920710.147,4,4,4,4
122,T920710.148,4,4,4,4
123,T920710.149,6,6,6,6
124,T920710.150,37,37,37,37
125,T920710.151,9,9,9,9
126,T920710.152,52,52,52,52
127,T920710.153,31,31,31,31
128,T920710.154,19,19,19,19
129,T920710.155,46,46,46,46
130,T920710.159,122,122,122,122
131,T920710.16,16,16,16,16
132,T920710.161,46,46,46,46
133,T920710.162,61,61,61,61
134,T920710.163,57,57,57,57
135,T920710.164,15,15,15,15
136,T920710.165,9,9,9,9
137,T920710.166,44,44,44,44
138,T920710.167,5,5,5,5
139,T920710.168,8,8,8,8
140,T920710.169,8,8,8,8
141,T920710.17,4,4,4,4
142,T920710.170,12,12,12,12
143,T920710.171,6,6,6,6
144,T920710.173,95,95,95,95
145,T920710.174,68,68,68,68
146,T920710.176,123,123,123,123
147,T920710.178,65,65,65,65
148,T920710.179,45,45,45,45
149,T920710.18,76,76,76,76
150,T920710.180,9,9,9,9
151,T920710.181,6,6,6,6
152,T920710.182,12,12,12,12
153,T920710.183,4,4,4,4
154,T920710.184,6,6,6,6
155,T920710.185,6,6,6,6
156,T920710.186,38,38,38,38
157,T920710.187,56,56,56,56
158,T920710.188,8,8,8,8
159,T920710.189,52,52,52,52
160,T920710.19,11,11,11,11
161,T920710.190,15,15,15,15
162,T920710.191,18,18,18,18
163,T920710.192,13,13,13,13
164,T920710.193,15,15,15,15
165,T920710.195,16,16,16,16
166,T920710.196,50,50,50,50
167,T920710.197,17,17,17,17
168,T920710.198,7,7,7,7
169,T920710.199,4,4,4,4
170,T920710.2,6,6,6,6
171,T920710.200,8,8,8,8
172,T920710.202,41,41,41,41
173,T920710.203,10,10,10,10
174,T920710.21,46,46,46,46
175,T920710.210,36,36,36,36
176,T920710.212,18,18,18,18
177,T920710.214,43,43,43,43
178,T920710.215,39,39,39,39
179,T920710.216,30,30,30,30
180,T920710.22,17,17,17,17
181,T920710.221,33,33,33,33
182,T920710.222,30,30,30,30
183,T920710.223,31,31,31,31
184,T920710.224,2,2,2,2
185,T920710.231,2,2,2,2
186,T920710.236,2,2,2,2
187,T920710.239,4,4,4,4
188,T920710.24,15,15,15,15
189,T920710.25,18,18,18,18
190,T920710.252,2,2,2,2
191,T920710.26,40,40,40,40
192,T920710.27,64,64,64,64
193,T920710.30,46,46,46,46
194,T920710.31,44,44,44,44
195,T920710.32,14,14,14,14
196,T920710.33,39,39,39,39
197,T920710.34,80,80,80,80
198,T920710.35,28,28,28,28
199,T920710.36,11,11,11,11
200,T920710.37,26,26,26,26
201,T920710.38,52,52,52,52
202,T920710.39,84,84,84,84
203,T920710.41,7,7,7,7
204,T920710.42,2,2,2,2
205,T920710.43,2,2,2,2
206,T920710.44,4,4,4,4
207,T920710.45,27,27,27,27
208,T920710.46,22,22,22,22
209,T920710.47,20,20,20,20
210,T920710.48,109,109,109,109
211,T920710.49,25,25,25,25
212,T920710.51,6,6,6,6
213,T920710.52,4,4,4,4
214,T920710.53,4,4,4,4
215,T920710.54,9,9,9,9
216,T920710.55,4,4,4,4
217,T920710.56,17,17,17,17
218,T920710.57,20,20,20,20
219,T920710.58,54,54,54,54
220,T920710.59,15,15,15,15
221,T920710.6,4,4,4,4
222,T920710.60,14,14,14,14
223,T920710.61,79,79,79,79
224,T920710.62,22,22,22,22
225,T920710.63,76,76,76,76
226,T920710.64,43,43,43,43
227,T920710.65,20,20,20,20
228,T920710.66,19,19,19,19
229,T920710.67,15,15,15,15
230,T920710.68,34,34,34,34
231,T920710.69,34,34,34,34
232,T920710.7,11,11,11,11
233,T920710.71,27,27,27,27
234,T920710.72,88,88,88,88
235,T920710.75,92,92,92,92
236,T920710.76,36,36,36,36
237,T920710.77,10,10,10,10
238,T920710.78,2,2,2,2
239,T920710.79,11,11,11,11
240,T920710.8,12,12,12,12
241,T920710.80,6,6,6,6
242,T920710.83,64,64,64,64
243,T920710.84,37,37,37,37
244,T920710.85,96,96,96,96
245,T920710.86,22,22,22,22
246,T920710.88,26,26,26,26
247,T920710.9,14,14,14,14
248,T920710.91,33,33,33,33
249,T920710.92,57,57,57,57
250,T920710.93,154,154,154,154
251,T920710.94,2,2,2,2
252,T920710.95,74,74,74,74
253,T920710.96,159,159,159,159
254,T920710.97,9,9,9,9
255,T920710.99,27,27,27,27
256,T920711.100,22,22,22,22
257,T920711.104,51,51,51,51
258,T920711.105,22,22,22,22
259,T920711.106,37,37,37,37
260,T920711.11,39,39,39,39
261,T920711.112,35,35,35,35
262,T920711.113,48,48,48,48
263,T920711.115,28,28,28,28
264,T920711.116,25,25,25,25
265,T920711.117,47,47,47,47
266,T920711.118,9,9,9,9
267,T920711.119,8,8,8,8
268,T920711.12,108,108,108,108
269,T920711.120,104,104,104,104
270,T920711.121,36,36,36,36
271,T920711.122,79,79,79,79
272,T920711.123,4,4,4,4
273,T920711.124,6,6,6,6
274,T920711.126,95,95,95,95
275,T920711.128,37,37,37,37
276,T920711.129,53,53,53,53
277,T920711.13,36,36,36,36
278,T920711.134,23,23,23,23
279,T920711.135,105,105,105,105
280,T920711.137,47,47,47,47
281,T920711.139,17,17,17,17
282,T920711.14,9,9,9,9
283,T920711.145,47,47,47,47
284,T920711.147,90,90,90,90
285,T920711.148,34,34,34,34
286,T920711.15,16,16,16,16
287,T920711.152,27,27,27,27
288,T920711.153,7,7,7,7
289,T920711.154,8,8,8,8
290,T920711.155,3,3,3,3
291,T920711.156,9,9,9,9
292,T920711.157,4,4,4,4
293,T920711.159,10,10,10,10
294,T920711.16,10,10,10,10
295,T920711.160,28,28,28,28
296,T920711.162,177,177,177,177
297,T920711.163,26,26,26,26
298,T920711.164,15,15,15,15
299,T920711.165,5,5,5,5
300,T920711.166,5,5,5,5
301,T920711.167,14,14,14,14
302,T920711.17,37,37,37,37
303,T920711.170,38,38,38,38
304,T920711.171,50,50,50,50
305,T920711.176,15,15,15,15
306,T920711.177,9,9,9,9
307,T920711.18,26,26,26,26
308,T920711.180,61,61,61,61
309,T920711.182,31,31,31,31
310,T920711.184,30,30,30,30
311,T920711.185,35,35,35,35
312,T920711.187,19,19,19,19
313,T920711.19,4,4,4,4
314,T920711.190,10,10,10,10
315,T920711.191,41,41,41,41
316,T920711.193,5,5,5,5
317,T920711.194,3,3,3,3
318,T920711.195,38,38,38,38
319,T920711.198,177,177,177,177
320,T920711.2,24,24,24,24
321,T920711.20,19,19,19,19
322,T920711.200,38,38,38,38
323,T920711.201,70,70,70,70
324,T920711.202,13,13,13,13
325,T920711.203,14,14,14,14
326,T920711.204,51,51,51,51
327,T920711.206,60,60,60,60
328,T920711.207,19,19,19,19
329,T920711.208,48,48,48,48
330,T920711.209,11,11,11,11
331,T920711.21,46,46,46,46
332,T920711.210,25,25,25,25
333,T920711.211,40,40,40,40
334,T920711.212,37,37,37,37
335,T920711.213,15,15,15,15
336,T920711.214,34,34,34,34
337,T920711.215,55,55,55,55
338,T920711.24,15,15,15,15
339,T920711.25,10,10,10,10
340,T920711.26,7,7,7,7
341,T920711.27,5,5,5,5
342,T920711.28,9,9,9,9
343,T920711.29,6,6,6,6
344,T920711.30,69,69,69,69
345,T920711.31,12,12,12,12
346,T920711.32,61,61,61,61
347,T920711.33,55,55,55,55
348,T920711.35,134,134,134,134
349,T920711.36,5,5,5,5
350,T920711.37,6,6,6,6
351,T920711.38,6,6,6,6
352,T920711.39,6,6,6,6
353,T920711.4,53,53,53,53
354,T920711.40,24,24,24,24
355,T920711.41,72,72,72,72
356,T920711.43,17,17,17,17
357,T920711.44,62,62,62,62
358,T920711.46,60,60,60,60
359,T920711.47,15,15,15,15
360,T920711.48,38,38,38,38
361,T920711.49,129,129,129,129
362,T920711.50,28,28,28,28
363,T920711.51,24,24,24,24
364,T920711.52,32,32,32,32
365,T920711.54,11,11,11,11
366,T920711.55,4,4,4,4
367,T920711.56,31,31,31,31
368,T920711.57,15,15,15,15
369,T920711.58,35,35,35,35
370,T920711.59,4,4,4,4
371,T920711.6,94,94,94,94
372,T920711.61,11,11,11,11
373,T920711.62,63,63,63,63
374,T920711.63,57,57,57,57
375,T920711.64,33,33,33,33
376,T920711.65,62,62,62,62
377,T920711.66,44,44,44,44
378,T920711.68,9,9,9,9
379,T920711.69,4,4,4,4
380,T920711.71,4,4,4,4
381,T920711.75,16,16,16,16
382,T920711.76,46,46,46,46
383,T920711.77,79,79,79,79
384,T920711.78,14,14,14,14
385,T920711.79,31,31,31,31
386,T920711.8,32,32,32,32
387,T920711.80,255,255,255,255
388,T920711.82,30,30,30,30
389,T920711.83,8,8,8,8
390,T920711.84,14,14,14,14
391,T920711.86,18,18,18,18
392,T920711.88,111,111,111,111
393,T920711.89,141,141,141,141
394,T920711.9,15,15,15,15
395,T920711.90,4,4,4,4
396,T920711.91,4,4,4,4
397,T920711.92,15,15,15,15
398,T920711.93,6,6,6,6
399,T920711.94,8,8,8,8
400,T920711.95,17,17,17,17
401,T920711.96,20,20,20,20
402,T920711.97,75,75,75,75
403,T920711.99,5,5,5,5
404,T920713.1,8,8,8,8
405,T920713.100,20,20,20,20
406,T920713.101,2,2,2,2
407,T920713.102,37,37,37,37
408,T920713.111,12,12,12,12
409,T920713.112,6,6,6,6
410,T920713.113,11,11,11,11
411,T920713.115,38,38,38,38
412,T920713.116,37,37,37,37
413,T920713.117,26,26,26,26
414,T920713.118,14,14,14,14
415,T920713.119,18,18,18,18
416,T920713.120,128,128,128,128
417,T920713.122,39,39,39,39
418,T920713.123,46,46,46,46
419,T920713.125,29,29,29,29
420,T920713.127,2,2,2,2
421,T920713.128,2,2,2,2
422,T920713.129,8,8,8,8
423,T920713.13,3,3,3,3
424,T920713.130,88,88,88,88
425,T920713.131,24,24,24,24
426,T920713.132,15,15,15,15
427,T920713.133,19,19,19,19
428,T920713.134,56,56,56,56
429,T920713.135,18,18,18,18
430,T920713.136,75,75,75,75
431,T920713.143,16,16,16,16
432,T920713.144,9,9,9,9
433,T920713.145,35,35,35,35
434,T920713.146,22,22,22,22
435,T920713.147,49,49,49,49
436,T920713.148,86,86,86,86
437,T920713.149,6,6,6,6
438,T920713.15,21,21,21,21
439,T920713.150,13,13,13,13
440,T920713.152,38,38,38,38
441,T920713.154,36,36,36,36
442,T920713.155,9,9,9,9
443,T920713.156,22,22,22,22
444,T920713.157,34,34,34,34
445,T920713.158,13,13,13,13
446,T920713.159,53,53,53,53
447,T920713.16,17,17,17,17
448,T920713.160,22,22,22,22
449,T920713.161,22,22,22,22
450,T920713.162,45,45,45,45
451,T920713.163,27,27,27,27
452,T920713.169,11,11,11,11
453,T920713.17,10,10,10,10
454,T920713.171,63,63,63,63
455,T920713.172,21,21,21,21
456,T920713.173,39,39,39,39
457,T920713.174,36,36,36,36
458,T920713.18,17,17,17,17
459,T920713.19,6,6,6,6
460,T920713.2,3,3,3,3
461,T920713.20,55,55,55,55
462,T920713.21,45,45,45,45
463,T920713.23,85,85,85,85
464,T920713.24,70,70,70,70
465,T920713.25,71,71,71,71
466,T920713.27,8,8,8,8
467,T920713.28,60,60,60,60
468,T920713.29,28,28,28,28
469,T920713.3,2,2,2,2
470,T920713.30,13,13,13,13
471,T920713.31,53,53,53,53
472,T920713.32,15,15,15,15
473,T920713.34,15,15,15,15
474,T920713.36,31,31,31,31
475,T920713.37,58,58,58,58
476,T920713.39,12,12,12,12
477,T920713.4,10,10,10,10
478,T920713.40,12,12,12,12
479,T920713.41,5,5,5,5
480,T920713.42,85,85,85,85
481,T920713.43,100,100,100,100
482,T920713.45,45,45,45,45
483,T920713.46,2,2,2,2
484,T920713.47,11,11,11,11
485,T920713.48,8,8,8,8
486,T920713.49,13,13,13,13
487,T920713.5,4,4,4,4
488,T920713.50,82,82,82,82
489,T920713.52,24,24,24,24
490,T920713.53,34,34,34,34
491,T920713.54,70,70,70,70
492,T920713.55,26,26,26,26
493,T920713.56,48,48,48,48
494,T920713.57,122,122,122,122
495,T920713.58,60,60,60,60
496,T920713.6,15,15,15,15
497,T920713.60,87,87,87,87
498,T920713.61,46,46,46,46
499,T920713.62,36,36,36,36
500,T920713.63,44,44,44,44
501,T920713.65,256,256,256,256
502,T920713.67,43,43,43,43
503,T920713.68,42,42,42,42
504,T920713.70,56,56,56,56
505,T920713.72,67,67,67,67
506,T920713.73,136,136,136,136
507,T920713.74,61,61,61,61
508,T920713.75,23,23,23,23
509,T920713.76,7,7,7,7
510,T920713.77,13,13,13,13
511,T920713.79,187,187,187,187
512,T920713.81,63,63,63,63
513,T920713.82,151,151,151,151
514,T920713.83,53,53,53,53
515,T920713.84,12,12,12,12
516,T920713.86,9,9,9,9
517,T920713.87,10,10,10,10
518,T920713.88,7,7,7,7
519,T920713.89,16,16,16,16
520,T920713.90,35,35,35,35
521,T920713.92,11,11,11,11
522,T920713.93,4,4,4,4
523,T920713.94,10,10,10,10
524,T920713.95,31,31,31,31
525,T920713.96,6,6,6,6
526,T920713.97,27,27,27,27
527,T920713.98,51,51,51,51
528,T920713.99,2,2,2,2
529,T920714.1,10,10,10,10
530,T920714.100,13,13,13,13
531,T920714.101,12,12,12,12
532,T920714.102,15,15,15,15
533,T920714.103,6,6,6,6
534,T920714.104,8,8,8,8
535,T920714.105,2,2,2,2
536,T920714.106,18,18,18,18
537,T920714.107,22,22,22,22
538,T920714.108,13,13,13,13
539,T920714.109,17,17,17,17
540,T920714.11,6,6,6,6
541,T920714.110,8,8,8,8
542,T920714.111,22,22,22,22
543,T920714.112,11,11,11,11
544,T920714.113,23,23,23,23
545,T920714.114,6,6,6,6
546,T920714.115,30,30,30,30
547,T920714.116,21,21,21,21
548,T920714.118,23,23,23,23
549,T920714.119,54,54,54,54
550,T920714.12,4,4,4,4
551,T920714.122,5,5,5,5
552,T920714.13,3,3,3,3
553,T920714.14,11,11,11,11
554,T920714.142,14,14,14,14
555,T920714.143,3,3,3,3
556,T920714.144,5,5,5,5
557,T920714.145,66,66,66,66
558,T920714.146,85,85,85,85
559,T920714.147,30,30,30,30
560,T920714.15,14,14,14,14
561,T920714.151,75,75,75,75
562,T920714.152,5,5,5,5
563,T920714.153,13,13,13,13
564,T920714.154,6,6,6,6
565,T920714.155,8,8,8,8
566,T920714.156,6,6,6,6
567,T920714.157,5,5,5,5
568,T920714.158,75,75,75,75
569,T920714.159,15,15,15,15
570,T920714.16,11,11,11,11
571,T920714.160,2,2,2,2
572,T920714.163,21,21,21,21
573,T920714.164,98,98,98,98
574,T920714.169,75,75,75,75
575,T920714.17,4,4,4,4
576,T920714.170,2,2,2,2
577,T920714.171,4,4,4,4
578,T920714.172,4,4,4,4
579,T920714.174,14,14,14,14
580,T920714.175,34,34,34,34
581,T920714.177,43,43,43,43
582,T920714.178,82,82,82,82
583,T920714.179,33,33,33,33
584,T920714.18,9,9,9,9
585,T920714.180,26,26,26,26
586,T920714.181,11,11,11,11
587,T920714.182,103,103,103,103
588,T920714.184,14,14,14,14
589,T920714.185,12,12,12,12
590,T920714.186,16,16,16,16
591,T920714.187,9,9,9,9
592,T920714.188,11,11,11,11
593,T920714.189,20,20,20,20
594,T920714.19,54,54,54,54
595,T920714.190,3,3,3,3
596,T920714.191,8,8,8,8
597,T920714.192,6,6,6,6
598,T920714.194,26,26,26,26
599,T920714.196,65,65,65,65
600,T920714.197,16,16,16,16
601,T920714.199,8,8,8,8
602,T920714.2,13,13,13,13
603,T920714.20,19,19,19,19
604,T920714.200,22,22,22,22
605,T920714.201,49,49,49,49
606,T920714.202,9,9,9,9
607,T920714.203,2,2,2,2
608,T920714.205,42,42,42,42
609,T920714.207,25,25,25,25
610,T920714.208,9,9,9,9
611,T920714.209,49,49,49,49
612,T920714.21,32,32,32,32
613,T920714.210,36,36,36,36
614,T920714.211,19,19,19,19
615,T920714.212,62,62,62,62
616,T920714.213,12,12,12,12
617,T920714.214,18,18,18,18
618,T920714.215,17,17,17,17
619,T920714.219,10,10,10,10
620,T920714.22,8,8,8,8
621,T920714.220,2,2,2,2
622,T920714.221,47,47,47,47
623,T920714.222,30,30,30,30
624,T920714.223,38,38,38,38
625,T920714.25,17,17,17,17
626,T920714.26,56,56,56,56
627,T920714.27,18,18,18,18
628,T920714.28,97,97,97,97
629,T920714.3,12,12,12,12
630,T920714.30,92,92,92,92
631,T920714.31,42,42,42,42
632,T920714.33,29,29,29,29
633,T920714.34,30,30,30,30
634,T920714.35,16,16,16,16
635,T920714.36,7,7,7,7
636,T920714.37,6,6,6,6
637,T920714.38,60,60,60,60
638,T920714.39,38,38,38,38
639,T920714.42,137,137,137,137
640,T920714.43,154,154,154,154
641,T920714.46,8,8,8,8
642,T920714.47,2,2,2,2
643,T920714.48,7,7,7,7
644,T920714.49,8,8,8,8
645,T920714.50,96,96,96,96
646,T920714.51,61,61,61,61
647,T920714.52,30,30,30,30
648,T920714.54,41,41,41,41
649,T920714.55,18,18,18,18
650,T920714.56,19,19,19,19
651,T920714.57,39,39,39,39
652,T920714.58,21,21,21,21
653,T920714.59,66,66,66,66
654,T920714.61,178,178,178,178
655,T920714.62,31,31,31,31
656,T920714.63,43,43,43,43
657,T920714.64,56,56,56,56
658,T920714.65,66,66,66,66
659,T920714.66,55,55,55,55
660,T920714.67,17,17,17,17
661,T920714.68,4,4,4,4
662,T920714.71,39,39,39,39
663,T920714.72,8,8,8,8
664,T920714.73,25,25,25,25
665,T920714.74,17,17,17,17
666,T920714.75,131,131,131,131
667,T920714.76,52,52,52,52
668,T920714.77,35,35,35,35
669,T920714.78,60,60,60,60
670,T920714.80,34,34,34,34
671,T920714.82,11,11,11,11
672,T920714.84,17,17,17,17
673,T920714.85,252,252,252,252
674,T920714.86,96,96,96,96
675,T920714.87,52,52,52,52
676,T920714.88,12,12,12,12
677,T920714.89,11,11,11,11
678,T920714.90,8,8,8,8
679,T920714.91,12,12,12,12
680,T920714.92,6,6,6,6
681,T920714.93,4,4,4,4
682,T920714.95,28,28,28,28
683,T920714.96,6,6,6,6
684,T920714.98,64,64,64,64
685,T920714.99,4,4,4,4
686,T951014.100,61,61,61,61
687,T951014.105,155,155,155,155
688,T951014.108,6,6,6,6
689,T951014.109,2,2,2,2
690,T951014.110,3,3,3,3
691,T951014.111,18,18,18,18
692,T951014.112,73,73,73,73
693,T951014.12,55,55,55,55
694,T951014.124,44,44,44,44
695,T951014.13,10,10,10,10
696,T951014.134,17,17,17,17
697,T951014.135,191,191,191,191
698,T951014.14,7,7,7,7
699,T951014.141,56,56,56,56
700,T951014.142,23,23,23,23
701,T951014.146,98,98,98,98
702,T951014.15,4,4,4,4
703,T951014.150,131,131,131,131
704,T951014.152,6,6,6,6
705,T951014.155,34,34,34,34
706,T951014.156,7,7,7,7
707,T951014.16,12,12,12,12
708,T951014.160,53,53,53,53
709,T951014.164,8,8,8,8
710,T951014.165,4,4,4,4
711,T951014.166,17,17,17,17
712,T951014.167,28,28,28,28
713,T951014.169,12,12,12,12
714,T951014.17,2,2,2,2
715,T951014.170,57,57,57,57
716,T951014.171,28,28,28,28
717,T951014.173,14,14,14,14
718,T951014.176,53,53,53,53
719,T951014.177,8,8,8,8
720,T951014.179,2,2,2,2
721,T951014.18,19,19,19,19
722,T951014.180,2,2,2,2
723,T951014.182,18,18,18,18
724,T951014.183,25,25,25,25
725,T951014.184,26,26,26,26
726,T951014.186,32,32,32,32
727,T951014.188,4,4,4,4
728,T951014.189,7,7,7,7
729,T951014.190,5,5,5,5
730,T951014.191,4,4,4,4
731,T951014.192,8,8,8,8
732,T951014.193,39,39,39,39
733,T951014.194,61,61,61,61
734,T951014.195,43,43,43,43
735,T951014.197,54,54,54,54
736,T951014.201,111,111,111,111
737,T951014.206,44,44,44,44
738,T951014.207,37,37,37,37
739,T951014.208,42,42,42,42
740,T951014.21,5,5,5,5
741,T951014.211,67,67,67,67
742,T951014.212,37,37,37,37
743,T951014.216,77,77,77,77
744,T951014.217,36,36,36,36
745,T951014.218,55,55,55,55
746,T951014.22,10,10,10,10
747,T951014.220,14,14,14,14
748,T951014.223,51,51,51,51
749,T951014.224,77,77,77,77
750,T951014.226,58,58,58,58
751,T951014.227,53,53,53,53
752,T951014.229,2,2,2,2
753,T951014.23,86,86,86,86
754,T951014.230,2,2,2,2
755,T951014.231,2,2,2,2
756,T951014.24,47,47,47,47
757,T951014.257,38,38,38,38
758,T951014.259,39,39,39,39
759,T951014.264,53,53,53,53
760,T951014.267,40,40,40,40
761,T951014.268,96,96,96,96
762,T951014.27,75,75,75,75
763,T951014.271,72,72,72,72
764,T951014.282,72,72,72,72
765,T951014.286,62,62,62,62
766,T951014.287,40,40,40,40
767,T951014.288,45,45,45,45
768,T951014.295,15,15,15,15
769,T951014.296,50,50,50,50
770,T951014.297,3,3,3,3
771,T951014.3,27,27,27,27
772,T951014.30,12,12,12,12
773,T951014.304,28,28,28,28
774,T951014.306,64,64,64,64
775,T951014.307,12,12,12,12
776,T951014.308,2,2,2,2
777,T951014.309,18,18,18,18
778,T951014.31,26,26,26,26
779,T951014.311,20,20,20,20
780,T951014.312,2,2,2,2
781,T951014.313,38,38,38,38
782,T951014.316,4,4,4,4
783,T951014.317,15,15,15,15
784,T951014.318,10,10,10,10
785,T951014.319,19,19,19,19
786,T951014.322,17,17,17,17
787,T951014.329,63,63,63,63
788,T951014.330,23,23,23,23
789,T951014.331,43,43,43,43
790,T951014.332,16,16,16,16
791,T951014.333,8,8,8,8
792,T951014.334,9,9,9,9
793,T951014.335,8,8,8,8
794,T951014.336,4,4,4,4
795,T951014.337,6,6,6,6
796,T951014.338,23,23,23,23
797,T951014.34,15,15,15,15
798,T951014.340,20,20,20,20
799,T951014.341,32,32,32,32
800,T951014.343,15,15,15,15
801,T951014.344,54,54,54,54
802,T951014.345,12,12,12,12
803,T951014.346,41,41,41,41
804,T951014.347,74,74,74,74
805,T951014.348,43,43,43,43
806,T951014.349,51,51,51,51
807,T951014.35,38,38,38,38
808,T951014.351,48,48,48,48
809,T951014.352,16,16,16,16
810,T951014.353,28,28,28,28
811,T951014.356,67,67,67,67
812,T951014.357,54,54,54,54
813,T951014.358,12,12,12,12
814,T951014.359,27,27,27,27
815,T951014.362,30,30,30,30
816,T951014.364,50,50,50,50
817,T951014.365,45,45,45,45
818,T951014.366,48,48,48,48
819,T951014.367,130,130,130,130
820,T951014.368,5,5,5,5
821,T951014.369,4,4,4,4
822,T951014.370,12,12,12,12
823,T951014.371,16,16,16,16
824,T951014.373,54,54,54,54
825,T951014.374,33,33,33,33
826,T951014.375,30,30,30,30
827,T951014.376,32,32,32,32
828,T951014.377,5,5,5,5
829,T951014.378,4,4,4,4
830,T951014.38,59,59,59,59
831,T951014.380,47,47,47,47
832,T951014.381,48,48,48,48
833,T951014.382,32,32,32,32
834,T951014.383,8,8,8,8
835,T951014.385,13,13,13,13
836,T951014.386,34,34,34,34
837,T951014.387,19,19,19,19
838,T951014.388,49,49,49,49
839,T951014.389,6,6,6,6
840,T951014.39,37,37,37,37
841,T951014.390,8,8,8,8
842,T951014.391,3,3,3,3
843,T951014.392,2,2,2,2
844,T951014.394,43,43,43,43
845,T951014.396,40,40,40,40
846,T951014.4,13,13,13,13
847,T951014.42,48,48,48,48
848,T951014.43,4,4,4,4
849,T951014.45,26,26,26,26
850,T951014.46,30,30,30,30
851,T951014.48,69,69,69,69
852,T951014.49,31,31,31,31
853,T951014.52,30,30,30,30
854,T951014.53,21,21,21,21
855,T951014.55,45,45,45,45
856,T951014.57,40,40,40,40
857,T951014.59,17,17,17,17
858,T951014.60,5,5,5,5
859,T951014.61,4,4,4,4
860,T951014.64,36,36,36,36
861,T951014.65,74,74,74,74
862,T951014.66,51,51,51,51
863,T951014.69,2,2,2,2
864,T951014.70,7,7,7,7
865,T951014.71,6,6,6,6
866,T951014.72,3,3,3,3
867,T951014.73,2,2,2,2
868,T951014.74,4,4,4,4
869,T951014.75,90,90,90,90
870,T951014.77,5,5,5,5
871,T951014.8,18,18,18,18
872,T951014.81,19,19,19,19
873,T951014.82,20,20,20,20
874,T951014.83,24,24,24,24
875,T951014.84,8,8,8,8
876,T951014.85,402,402,402,402
877,T951014.86,37,37,37,37
878,T951014.89,13,13,13,13
879,T951014.90,23,23,23,23
880,T951014.91,4,4,4,4
881,T951014.92,2,2,2,2
882,T951014.93,5,5,5,5
883,T951014.95,177,177,177,177
884,T951014.96,5,5,5,5
885,T951016.10,11,11,11,11
886,T951016.101,150,150,150,150
887,T951016.104,18,18,18,18
888,T951016.105,18,18,18,18
889,T951016.106,74,74,74,74
890,T951016.109,58,58,58,58
891,T951016.110,34,34,34,34
892,T951016.111,83,83,83,83
893,T951016.112,8,8,8,8
894,T951016.114,3,3,3,3
895,T951016.115,11,11,11,11
896,T951016.116,13,13,13,13
897,T951016.117,10,10,10,10
898,T951016.120,35,35,35,35
899,T951016.125,42,42,42,42
900,T951016.13,4,4,4,4
901,T951016.130,105,105,105,105
902,T951016.131,14,14,14,14
903,T951016.132,5,5,5,5
904,T951016.136,7,7,7,7
905,T951016.137,7,7,7,7
906,T951016.138,11,11,11,11
907,T951016.139,9,9,9,9
908,T951016.14,6,6,6,6
909,T951016.140,58,58,58,58
910,T951016.141,89,89,89,89
911,T951016.142,12,12,12,12
912,T951016.143,53,53,53,53
913,T951016.144,27,27,27,27
914,T951016.145,35,35,35,35
915,T951016.146,45,45,45,45
916,T951016.15,36,36,36,36
917,T951016.157,56,56,56,56
918,T951016.159,24,24,24,24
919,T951016.16,4,4,4,4
920,T951016.160,37,37,37,37
921,T951016.161,155,155,155,155
922,T951016.163,16,16,16,16
923,T951016.164,104,104,104,104
924,T951016.166,18,18,18,18
925,T951016.167,2,2,2,2
926,T951016.169,12,12,12,12
927,T951016.17,4,4,4,4
928,T951016.170,10,10,10,10
929,T951016.171,47,47,47,47
930,T951016.18,4,4,4,4
931,T951016.184,32,32,32,32
932,T951016.185,58,58,58,58
933,T951016.188,22,22,22,22
934,T951016.189,14,14,14,14
935,T951016.19,26,26,26,26
936,T951016.190,46,46,46,46
937,T951016.191,31,31,31,31
938,T951016.192,11,11,11,11
939,T951016.193,4,4,4,4
940,T951016.195,55,55,55,55
941,T951016.196,7,7,7,7
942,T951016.199,11,11,11,11
943,T951016.20,58,58,58,58
944,T951016.200,66,66,66,66
945,T951016.202,49,49,49,49
946,T951016.203,98,98,98,98
947,T951016.206,32,32,32,32
948,T951016.207,35,35,35,35
949,T951016.208,31,31,31,31
950,T951016.209,43,43,43,43
951,T951016.210,25,25,25,25
952,T951016.211,30,30,30,30
953,T951016.212,44,44,44,44
954,T951016.213,2,2,2,2
955,T951016.214,2,2,2,2
956,T951016.215,13,13,13,13
957,T951016.217,58,58,58,58
958,T951016.218,40,40,40,40
959,T951016.219,21,21,21,21
960,T951016.22,10,10,10,10
961,T951016.220,4,4,4,4
962,T951016.221,10,10,10,10
963,T951016.223,35,35,35,35
964,T951016.224,36,36,36,36
965,T951016.226,47,47,47,47
966,T951016.227,2,2,2,2
967,T951016.228,14,14,14,14
968,T951016.229,6,6,6,6
969,T951016.23,29,29,29,29
970,T951016.230,31,31,31,31
971,T951016.231,50,50,50,50
972,T951016.236,61,61,61,61
973,T951016.237,44,44,44,44
974,T951016.238,45,45,45,45
975,T951016.239,15,15,15,15
976,T951016.24,6,6,6,6
977,T951016.240,8,8,8,8
978,T951016.241,9,9,9,9
979,T951016.244,57,57,57,57
980,T951016.245,40,40,40,40
981,T951016.246,23,23,23,23
982,T951016.247,7,7,7,7
983,T951016.248,10,10,10,10
984,T951016.252,39,39,39,39
985,T951016.253,38,38,38,38
986,T951016.254,22,22,22,22
987,T951016.255,18,18,18,18
988,T951016.256,3,3,3,3
989,T951016.258,8,8,8,8
990,T951016.259,5,5,5,5
991,T951016.262,64,64,64,64
992,T951016.263,46,46,46,46
993,T951016.264,42,42,42,42
994,T951016.265,9,9,9,9
995,T951016.266,4,4,4,4
996,T951016.267,6,6,6,6
997,T951016.268,2,2,2,2
998,T951016.269,4,4,4,4
999,T951016.29,95,95,95,95
1000,T951016.30,87,87,87,87
1001,T951016.35,17,17,17,17
1002,T951016.36,11,11,11,11
1003,T951016.37,3,3,3,3
1004,T951016.38,8,8,8,8
1005,T951016.39,10,10,10,10
1006,T951016.4,17,17,17,17
1007,T951016.40,25,25,25,25
1008,T951016.41,36,36,36,36
1009,T951016.42,26,26,26,26
1010,T951016.44,99,99,99,99
1011,T951016.45,8,8,8,8
1012,T951016.46,10,10,10,10
1013,T951016.47,16,16,16,16
1014,T951016.48,6,6,6,6
1015,T951016.49,27,27,27,27
1016,T951016.50,97,97,97,97
1017,T951016.52,14,14,14,14
1018,T951016.53,97,97,97,97
1019,T951016.55,10,10,10,10
1020,T951016.56,61,61,61,61
1021,T951016.57,70,70,70,70
1022,T951016.58,8,8,8,8
1023,T951016.6,79,79,79,79
1024,T951016.62,113,113,113,113
1025,T951016.63,23,23,23,23
1026,T951016.64,15,15,15,15
1027,T951016.65,13,13,13,13
1028,T951016.66,40,40,40,40
1029,T951016.68,100,100,100,100
1030,T951016.69,28,28,28,28
1031,T951016.70,12,12,12,12
1032,T951016.71,9,9,9,9
1033,T951016.72,6,6,6,6
1034,T951016.73,12,12,12,12
1035,T951016.74,4,4,4,4
1036,T951016.75,53,53,53,53
1037,T951016.79,33,33,33,33
1038,T951016.80,11,11,11,11
1039,T951016.81,9,9,9,9
1040,T951016.82,14,14,14,14
1041,T951016.83,9,9,9,9
1042,T951016.84,12,12,12,12
1043,T951016.85,91,91,91,91
1044,T951016.89,62,62,62,62
1045,T951016.9,27,27,27,27
1046,T951016.90,4,4,4,4
1047,T951016.95,79,79,79,79
1048,T951016.96,40,40,40,40
1049,T951016.97,41,41,41,41
1050,T951016.98,38,38,38,38
1051,T951016.99,50,50,50,50
1052,T951017.101,46,46,46,46
1053,T951017.102,105,105,105,105
1054,T951017.105,80,80,80,80
1055,T951017.107,21,21,21,21
1056,T951017.108,13,13,13,13
1057,T951017.111,93,93,93,93
1058,T951017.114,15,15,15,15
1059,T951017.115,123,123,123,123
1060,T951017.116,59,59,59,59
1061,T951017.12,45,45,45,45
1062,T951017.121,65,65,65,65
1063,T951017.122,78,78,78,78
1064,T951017.124,13,13,13,13
1065,T951017.129,5,5,5,5
1066,T951017.130,6,6,6,6
1067,T951017.131,9,9,9,9
1068,T951017.132,10,10,10,10
1069,T951017.133,2,2,2,2
1070,T951017.135,114,114,114,114
1071,T951017.137,20,20,20,20
1072,T951017.139,8,8,8,8
1073,T951017.142,54,54,54,54
1074,T951017.143,2,2,2,2
1075,T951017.144,63,63,63,63
1076,T951017.15,13,13,13,13
1077,T951017.151,11,11,11,11
1078,T951017.155,6,6,6,6
1079,T951017.156,14,14,14,14
1080,T951017.157,31,31,31,31
1081,T951017.158,65,65,65,65
1082,T951017.16,2,2,2,2
1083,T951017.161,12,12,12,12
1084,T951017.163,40,40,40,40
1085,T951017.166,14,14,14,14
1086,T951017.167,59,59,59,59
1087,T951017.168,24,24,24,24
1088,T951017.17,48,48,48,48
1089,T951017.170,393,393,393,393
1090,T951017.175,17,17,17,17
1091,T951017.18,8,8,8,8
1092,T951017.186,6,6,6,6
1093,T951017.188,6,6,6,6
1094,T951017.189,52,52,52,52
1095,T951017.19,7,7,7,7
1096,T951017.190,12,12,12,12
1097,T951017.191,4,4,4,4
1098,T951017.192,7,7,7,7
1099,T951017.193,33,33,33,33
1100,T951017.194,65,65,65,65
1101,T951017.197,57,57,57,57
1102,T951017.198,21,21,21,21
1103,T951017.199,66,66,66,66
1104,T951017.20,2,2,2,2
1105,T951017.200,3,3,3,3
1106,T951017.202,5,5,5,5
1107,T951017.203,8,8,8,8
1108,T951017.207,53,53,53,53
1109,T951017.208,46,46,46,46
1110,T951017.21,31,31,31,31
1111,T951017.210,51,51,51,51
1112,T951017.211,56,56,56,56
1113,T951017.212,20,20,20,20
1114,T951017.213,24,24,24,24
1115,T951017.214,12,12,12,12
1116,T951017.215,4,4,4,4
1117,T951017.217,2,2,2,2
1118,T951017.218,3,3,3,3
1119,T951017.219,9,9,9,9
1120,T951017.22,39,39,39,39
1121,T951017.220,9,9,9,9
1122,T951017.221,12,12,12,12
1123,T951017.222,16,16,16,16
1124,T951017.223,8,8,8,8
1125,T951017.224,74,74,74,74
1126,T951017.227,4,4,4,4
1127,T951017.228,3,3,3,3
1128,T951017.23,4,4,4,4
1129,T951017.230,11,11,11,11
1130,T951017.231,100,100,100,100
1131,T951017.232,55,55,55,55
1132,T951017.233,3,3,3,3
1133,T951017.234,41,41,41,41
1134,T951017.235,19,19,19,19
1135,T951017.239,11,11,11,11
1136,T951017.24,8,8,8,8
1137,T951017.240,46,46,46,46
1138,T951017.242,18,18,18,18
1139,T951017.244,32,32,32,32
1140,T951017.245,26,26,26,26
1141,T951017.246,19,19,19,19
1142,T951017.247,5,5,5,5
1143,T951017.248,11,11,11,11
1144,T951017.250,55,55,55,55
1145,T951017.251,32,32,32,32
1146,T951017.252,42,42,42,42
1147,T951017.254,38,38,38,38
1148,T951017.255,28,28,28,28
1149,T951017.256,14,14,14,14
1150,T951017.257,5,5,5,5
1151,T951017.259,14,14,14,14
1152,T951017.26,12,12,12,12
1153,T951017.260,73,73,73,73
1154,T951017.261,27,27,27,27
1155,T951017.262,2,2,2,2
1156,T951017.263,9,9,9,9
1157,T951017.264,12,12,12,12
1158,T951017.265,5,5,5,5
1159,T951017.27,79,79,79,79
1160,T951017.32,38,38,38,38
1161,T951017.33,37,37,37,37
1162,T951017.34,31,31,31,31
1163,T951017.36,5,5,5,5
1164,T951017.37,6,6,6,6
1165,T951017.38,5,5,5,5
1166,T951017.39,7,7,7,7
1167,T951017.41,4,4,4,4
1168,T951017.42,56,56,56,56
1169,T951017.46,35,35,35,35
1170,T951017.48,22,22,22,22
1171,T951017.49,115,115,115,115
1172,T951017.50,9,9,9,9
1173,T951017.52,47,47,47,47
1174,T951017.53,5,5,5,5
1175,T951017.54,2,2,2,2
1176,T951017.55,9,9,9,9
1177,T951017.56,3,3,3,3
1178,T951017.57,2,2,2,2
1179,T951017.58,6,6,6,6
1180,T951017.59,48,48,48,48
1181,T951017.60,37,37,37,37
1182,T951017.64,16,16,16,16
1183,T951017.65,75,75,75,75
1184,T951017.66,27,27,27,27
1185,T951017.69,51,51,51,51
1186,T951017.7,60,60,60,60
1187,T951017.71,33,33,33,33
1188,T951017.72,12,12,12,12
1189,T951017.73,6,6,6,6
1190,T951017.74,9,9,9,9
1191,T951017.75,11,11,11,11
1192,T951017.76,43,43,43,43
1193,T951017.77,28,28,28,28
1194,T951017.79,88,88,88,88
1195,T951017.8,45,45,45,45
1196,T951017.80,2,2,2,2
1197,T951017.81,4,4,4,4
1198,T951017.82,15,15,15,15
1199,T951017.83,7,7,7,7
1200,T951017.84,10,10,10,10
1201,T951017.85,6,6,6,6
1202,T951017.87,89,89,89,89
1203,T951017.9,43,43,43,43
1204,T951017.92,17,17,17,17
1205,T951017.93,71,71,71,71
1206,T951017.94,4,4,4,4
1207,T951017.98,33,33,33,33
1208,T951017.99,43,43,43,43
1209,T951018.100,39,39,39,39
1210,T951018.102,42,42,42,42
1211,T951018.103,158,158,158,158
1212,T951018.109,416,416,416,416
1213,T951018.13,10,10,10,10
1214,T951018.130,87,87,87,87
1215,T951018.136,139,139,139,139
1216,T951018.142,12,12,12,12
1217,T951018.143,90,90,90,90
1218,T951018.152,79,79,79,79
1219,T951018.153,21,21,21,21
1220,T951018.154,8,8,8,8
1221,T951018.155,4,4,4,4
1222,T951018.156,6,6,6,6
1223,T951018.157,2,2,2,2
1224,T951018.16,23,23,23,23
1225,T951018.161,82,82,82,82
1226,T951018.164,10,10,10,10
1227,T951018.165,3,3,3,3
1228,T951018.166,130,130,130,130
1229,T951018.168,102,102,102,102
1230,T951018.169,51,51,51,51
1231,T951018.17,27,27,27,27
1232,T951018.170,36,36,36,36
1233,T951018.173,69,69,69,69
1234,T951018.174,33,33,33,33
1235,T951018.176,16,16,16,16
1236,T951018.177,2,2,2,2
1237,T951018.178,15,15,15,15
1238,T951018.179,7,7,7,7
1239,T951018.18,4,4,4,4
1240,T951018.181,4,4,4,4
1241,T951018.19,11,11,11,11
1242,T951018.195,38,38,38,38
1243,T951018.198,55,55,55,55
1244,T951018.199,36,36,36,36
1245,T951018.2,23,23,23,23
1246,T951018.201,16,16,16,16
1247,T951018.202,10,10,10,10
1248,T951018.203,5,5,5,5
1249,T951018.204,28,28,28,28
1250,T951018.205,67,67,67,67
1251,T951018.207,12,12,12,12
1252,T951018.208,10,10,10,10
1253,T951018.209,28,28,28,28
1254,T951018.210,17,17,17,17
1255,T951018.212,15,15,15,15
1256,T951018.213,4,4,4,4
1257,T951018.214,8,8,8,8
1258,T951018.215,51,51,51,51
1259,T951018.216,28,28,28,28
1260,T951018.217,56,56,56,56
1261,T951018.219,4,4,4,4
1262,T951018.22,24,24,24,24
1263,T951018.220,5,5,5,5
1264,T951018.221,2,2,2,2
1265,T951018.225,39,39,39,39
1266,T951018.226,53,53,53,53
1267,T951018.227,59,59,59,59
1268,T951018.23,70,70,70,70
1269,T951018.231,65,65,65,65
1270,T951018.232,20,20,20,20
1271,T951018.233,36,36,36,36
1272,T951018.234,10,10,10,10
1273,T951018.235,4,4,4,4
1274,T951018.236,10,10,10,10
1275,T951018.237,4,4,4,4
1276,T951018.238,4,4,4,4
1277,T951018.239,4,4,4,4
1278,T951018.240,8,8,8,8
1279,T951018.241,26,26,26,26
1280,T951018.242,58,58,58,58
1281,T951018.244,23,23,23,23
1282,T951018.245,5,5,5,5
1283,T951018.246,2,2,2,2
1284,T951018.248,2,2,2,2
1285,T951018.25,7,7,7,7
1286,T951018.250,23,23,23,23
1287,T951018.251,52,52,52,52
1288,T951018.252,14,14,14,14
1289,T951018.253,6,6,6,6
1290,T951018.254,14,14,14,14
1291,T951018.255,30,30,30,30
1292,T951018.257,43,43,43,43
1293,T951018.258,19,19,19,19
1294,T951018.26,29,29,29,29
1295,T951018.260,18,18,18,18
1296,T951018.261,65,65,65,65
1297,T951018.262,35,35,35,35
1298,T951018.264,39,39,39,39
1299,T951018.265,6,6,6,6
1300,T951018.266,19,19,19,19
1301,T951018.267,16,16,16,16
1302,T951018.269,71,71,71,71
1303,T951018.270,26,26,26,26
1304,T951018.271,18,18,18,18
1305,T951018.272,8,8,8,8
1306,T951018.274,55,55,55,55
1307,T951018.275,19,19,19,19
1308,T951018.276,29,29,29,29
1309,T951018.277,36,36,36,36
1310,T951018.278,10,10,10,10
1311,T951018.279,6,6,6,6
1312,T951018.281,25,25,25,25
1313,T951018.282,43,43,43,43
1314,T951018.283,28,28,28,28
1315,T951018.284,24,24,24,24
1316,T951018.285,4,4,4,4
1317,T951018.286,2,2,2,2
1318,T951018.287,6,6,6,6
1319,T951018.288,3,3,3,3
1320,T951018.289,8,8,8,8
1321,T951018.3,14,14,14,14
1322,T951018.32,6,6,6,6
1323,T951018.34,5,5,5,5
1324,T951018.36,55,55,55,55
1325,T951018.37,70,70,70,70
1326,T951018.39,49,49,49,49
1327,T951018.42,42,42,42,42
1328,T951018.43,3,3,3,3
1329,T951018.45,10,10,10,10
1330,T951018.46,8,8,8,8
1331,T951018.47,36,36,36,36
1332,T951018.50,73,73,73,73
1333,T951018.52,69,69,69,69
1334,T951018.53,25,25,25,25
1335,T951018.54,8,8,8,8
1336,T951018.55,5,5,5,5
1337,T951018.56,4,4,4,4
1338,T951018.57,7,7,7,7
1339,T951018.6,37,37,37,37
1340,T951018.60,24,24,24,24
1341,T951018.63,13,13,13,13
1342,T951018.64,46,46,46,46
1343,T951018.65,36,36,36,36
1344,T951018.66,12,12,12,12
1345,T951018.67,5,5,5,5
1346,T951018.68,7,7,7,7
1347,T951018.71,38,38,38,38
1348,T951018.72,45,45,45,45
1349,T951018.73,13,13,13,13
1350,T951018.77,16,16,16,16
1351,T951018.78,4,4,4,4
1352,T951018.79,4,4,4,4
1353,T951018.80,7,7,7,7
1354,T951018.81,8,8,8,8
1355,T951018.82,11,11,11,11
1356,T951018.83,10,10,10,10
1357,T951018.85,59,59,59,59
1358,T951018.86,45,45,45,45
1359,T951018.87,20,20,20,20
1360,T951018.89,41,41,41,41
1361,T951018.9,31,31,31,31
1362,T951018.90,41,41,41,41
1363,T951018.92,23,23,23,23
1364,T951018.94,32,32,32,32
1365,T951018.97,5,5,5,5
1366,T951018.99,61,61,61,61
1367,T951019.10,21,21,21,21
1368,T951019.102,11,11,11,11
1369,T951019.103,124,124,124,124
1370,T951019.107,260,260,260,260
1371,T951019.108,8,8,8,8
1372,T951019.111,11,11,11,11
1373,T951019.113,7,7,7,7
1374,T951019.114,8,8,8,8
1375,T951019.115,8,8,8,8
1376,T951019.116,75,75,75,75
1377,T951019.119,35,35,35,35
1378,T951019.122,10,10,10,10
1379,T951019.124,9,9,9,9
1380,T951019.125,4,4,4,4
1381,T951019.127,15,15,15,15
1382,T951019.128,105,105,105,105
1383,T951019.129,6,6,6,6
1384,T951019.13,5,5,5,5
1385,T951019.130,7,7,7,7
1386,T951019.131,81,81,81,81
1387,T951019.135,66,66,66,66
1388,T951019.136,54,54,54,54
1389,T951019.137,45,45,45,45
1390,T951019.138,40,40,40,40
1391,T951019.14,11,11,11,11
1392,T951019.140,164,164,164,164
1393,T951019.141,9,9,9,9
1394,T951019.143,54,54,54,54
1395,T951019.145,71,71,71,71
1396,T951019.146,13,13,13,13
1397,T951019.147,12,12,12,12
1398,T951019.148,10,10,10,10
1399,T951019.149,5,5,5,5
1400,T951019.15,4,4,4,4
1401,T951019.151,4,4,4,4
1402,T951019.152,23,23,23,23
1403,T951019.154,54,54,54,54
1404,T951019.157,17,17,17,17
1405,T951019.158,17,17,17,17
1406,T951019.16,8,8,8,8
1407,T951019.160,53,53,53,53
1408,T951019.161,8,8,8,8
1409,T951019.162,11,11,11,11
1410,T951019.163,25,25,25,25
1411,T951019.165,2,2,2,2
1412,T951019.166,66,66,66,66
1413,T951019.167,12,12,12,12
1414,T951019.168,36,36,36,36
1415,T951019.17,4,4,4,4
1416,T951019.171,15,15,15,15
1417,T951019.172,26,26,26,26
1418,T951019.173,17,17,17,17
1419,T951019.174,53,53,53,53
1420,T951019.176,4,4,4,4
1421,T951019.177,3,3,3,3
1422,T951019.179,32,32,32,32
1423,T951019.180,14,14,14,14
1424,T951019.181,18,18,18,18
1425,T951019.183,8,8,8,8
1426,T951019.184,9,9,9,9
1427,T951019.185,4,4,4,4
1428,T951019.186,47,47,47,47
1429,T951019.187,31,31,31,31
1430,T951019.189,11,11,11,11
1431,T951019.19,10,10,10,10
1432,T951019.190,4,4,4,4
1433,T951019.191,9,9,9,9
1434,T951019.192,102,102,102,102
1435,T951019.194,10,10,10,10
1436,T951019.195,34,34,34,34
1437,T951019.196,38,38,38,38
1438,T951019.199,56,56,56,56
1439,T951019.20,33,33,33,33
1440,T951019.200,36,36,36,36
1441,T951019.201,67,67,67,67
1442,T951019.204,29,29,29,29
1443,T951019.205,3,3,3,3
1444,T951019.206,2,2,2,2
1445,T951019.207,3,3,3,3
1446,T951019.208,9,9,9,9
1447,T951019.209,9,9,9,9
1448,T951019.21,22,22,22,22
1449,T951019.211,66,66,66,66
1450,T951019.214,52,52,52,52
1451,T951019.216,51,51,51,51
1452,T951019.217,24,24,24,24
1453,T951019.218,26,26,26,26
1454,T951019.219,15,15,15,15
1455,T951019.22,38,38,38,38
1456,T951019.220,7,7,7,7
1457,T951019.221,3,3,3,3
1458,T951019.222,9,9,9,9
1459,T951019.223,6,6,6,6
1460,T951019.224,6,6,6,6
1461,T951019.225,17,17,17,17
1462,T951019.226,12,12,12,12
1463,T951019.227,89,89,89,89
1464,T951019.229,57,57,57,57
1465,T951019.23,6,6,6,6
1466,T951019.232,2,2,2,2
1467,T951019.233,4,4,4,4
1468,T951019.234,6,6,6,6
1469,T951019.235,6,6,6,6
1470,T951019.236,7,7,7,7
1471,T951019.238,18,18,18,18
1472,T951019.24,6,6,6,6
1473,T951019.240,16,16,16,16
1474,T951019.241,2,2,2,2
1475,T951019.243,63,63,63,63
1476,T951019.244,44,44,44,44
1477,T951019.248,58,58,58,58
1478,T951019.250,16,16,16,16
1479,T951019.251,55,55,55,55
1480,T951019.253,34,34,34,34
1481,T951019.256,570,570,570,570
1482,T951019.259,52,52,52,52
1483,T951019.260,8,8,8,8
1484,T951019.261,15,15,15,15
1485,T951019.262,40,40,40,40
1486,T951019.263,37,37,37,37
1487,T951019.264,31,31,31,31
1488,T951019.265,11,11,11,11
1489,T951019.266,4,4,4,4
1490,T951019.267,4,4,4,4
1491,T951019.268,9,9,9,9
1492,T951019.27,67,67,67,67
1493,T951019.270,47,47,47,47
1494,T951019.271,32,32,32,32
1495,T951019.272,35,35,35,35
1496,T951019.273,14,14,14,14
1497,T951019.274,3,3,3,3
1498,T951019.275,5,5,5,5
1499,T951019.277,46,46,46,46
1500,T951019.278,25,25,25,25
1501,T951019.279,10,10,10,10
1502,T951019.28,6,6,6,6
1503,T951019.280,14,14,14,14
1504,T951019.281,12,12,12,12
1505,T951019.282,8,8,8,8
1506,T951019.284,59,59,59,59
1507,T951019.285,31,31,31,31
1508,T951019.286,47,47,47,47
1509,T951019.287,31,31,31,31
1510,T951019.289,27,27,27,27
1511,T951019.290,29,29,29,29
1512,T951019.291,33,33,33,33
1513,T951019.292,6,6,6,6
1514,T951019.293,6,6,6,6
1515,T951019.294,6,6,6,6
1516,T951019.295,2,2,2,2
1517,T951019.296,19,19,19,19
1518,T951019.299,33,33,33,33
1519,T951019.3,41,41,41,41
1520,T951019.301,13,13,13,13
1521,T951019.302,16,16,16,16
1522,T951019.305,4,4,4,4
1523,T951019.306,95,95,95,95
1524,T951019.307,39,39,39,39
1525,T951019.308,2,2,2,2
1526,T951019.309,8,8,8,8
1527,T951019.310,6,6,6,6
1528,T951019.311,2,2,2,2
1529,T951019.312,7,7,7,7
1530,T951019.32,73,73,73,73
1531,T951019.33,70,70,70,70
1532,T951019.35,17,17,17,17
1533,T951019.36,2,2,2,2
1534,T951019.37,9,9,9,9
1535,T951019.38,6,6,6,6
1536,T951019.39,4,4,4,4
1537,T951019.40,11,11,11,11
1538,T951019.42,23,23,23,23
1539,T951019.43,22,22,22,22
1540,T951019.44,38,38,38,38
1541,T951019.45,99,99,99,99
1542,T951019.46,10,10,10,10
1543,T951019.48,41,41,41,41
1544,T951019.50,9,9,9,9
1545,T951019.51,13,13,13,13
1546,T951019.52,72,72,72,72
1547,T951019.53,8,8,8,8
1548,T951019.54,55,55,55,55
1549,T951019.57,79,79,79,79
1550,T951019.58,8,8,8,8
1551,T951019.59,4,4,4,4
1552,T951019.60,4,4,4,4
1553,T951019.61,15,15,15,15
1554,T951019.63,16,16,16,16
1555,T951019.64,11,11,11,11
1556,T951019.67,26,26,26,26
1557,T951019.68,13,13,13,13
1558,T951019.69,4,4,4,4
1559,T951019.70,6,6,6,6
1560,T951019.71,5,5,5,5
1561,T951019.72,8,8,8,8
1562,T951019.73,11,11,11,11
1563,T951019.74,60,60,60,60
1564,T951019.76,4,4,4,4
1565,T951019.77,45,45,45,45
1566,T951019.78,4,4,4,4
1567,T951019.79,6,6,6,6
1568,T951019.80,7,7,7,7
1569,T951019.81,68,68,68,68
1570,T951019.84,80,80,80,80
1571,T951019.86,42,42,42,42
1572,T951019.87,34,34,34,34
1573,T951019.89,41,41,41,41
1574,T951019.9,38,38,38,38
1575,T951019.90,105,105,105,105
1576,T951019.91,7,7,7,7
1577,T951019.95,56,56,56,56
1578,T951019.99,202,202,202,202
1579,T951020.10,33,33,33,33
1580,T951020.100,12,12,12,12
1581,T951020.104,44,44,44,44
1582,T951020.107,15,15,15,15
1583,T951020.112,273,273,273,273
1584,T951020.115,14,14,14,14
1585,T951020.119,74,74,74,74
1586,T951020.12,11,11,11,11
1587,T951020.120,60,60,60,60
1588,T951020.122,23,23,23,23
1589,T951020.123,8,8,8,8
1590,T951020.124,7,7,7,7
1591,T951020.125,15,15,15,15
1592,T951020.126,36,36,36,36
1593,T951020.134,90,90,90,90
1594,T951020.135,18,18,18,18
1595,T951020.138,170,170,170,170
1596,T951020.14,7,7,7,7
1597,T951020.140,81,81,81,81
1598,T951020.144,74,74,74,74
1599,T951020.147,25,25,25,25
1600,T951020.148,142,142,142,142
1601,T951020.149,7,7,7,7
1602,T951020.15,34,34,34,34
1603,T951020.151,2,2,2,2
1604,T951020.152,9,9,9,9
1605,T951020.153,2,2,2,2
1606,T951020.155,28,28,28,28
1607,T951020.157,72,72,72,72
1608,T951020.158,19,19,19,19
1609,T951020.160,46,46,46,46
1610,T951020.162,31,31,31,31
1611,T951020.163,57,57,57,57
1612,T951020.164,30,30,30,30
1613,T951020.165,16,16,16,16
1614,T951020.166,26,26,26,26
1615,T951020.17,6,6,6,6
1616,T951020.170,88,88,88,88
1617,T951020.171,16,16,16,16
1618,T951020.172,45,45,45,45
1619,T951020.174,12,12,12,12
1620,T951020.175,14,14,14,14
1621,T951020.176,3,3,3,3
1622,T951020.177,7,7,7,7
1623,T951020.178,35,35,35,35
1624,T951020.18,4,4,4,4
1625,T951020.180,37,37,37,37
1626,T951020.181,62,62,62,62
1627,T951020.182,5,5,5,5
1628,T951020.183,11,11,11,11
1629,T951020.184,5,5,5,5
1630,T951020.185,11,11,11,11
1631,T951020.186,24,24,24,24
1632,T951020.187,30,30,30,30
1633,T951020.188,33,33,33,33
1634,T951020.19,2,2,2,2
1635,T951020.190,27,27,27,27
1636,T951020.191,82,82,82,82
1637,T951020.194,6,6,6,6
1638,T951020.195,2,2,2,2
1639,T951020.196,2,2,2,2
1640,T951020.197,7,7,7,7
1641,T951020.198,10,10,10,10
1642,T951020.2,59,59,59,59
1643,T951020.200,130,130,130,130
1644,T951020.201,50,50,50,50
1645,T951020.203,8,8,8,8
1646,T951020.204,6,6,6,6
1647,T951020.205,45,45,45,45
1648,T951020.206,52,52,52,52
1649,T951020.207,51,51,51,51
1650,T951020.208,82,82,82,82
1651,T951020.21,36,36,36,36
1652,T951020.211,88,88,88,88
1653,T951020.212,2,2,2,2
1654,T951020.213,29,29,29,29
1655,T951020.216,71,71,71,71
1656,T951020.22,27,27,27,27
1657,T951020.220,114,114,114,114
1658,T951020.222,8,8,8,8
1659,T951020.224,66,66,66,66
1660,T951020.225,65,65,65,65
1661,T951020.226,10,10,10,10
1662,T951020.227,75,75,75,75
1663,T951020.228,10,10,10,10
1664,T951020.229,4,4,4,4
1665,T951020.230,4,4,4,4
1666,T951020.231,16,16,16,16
1667,T951020.232,11,11,11,11
1668,T951020.233,4,4,4,4
1669,T951020.234,6,6,6,6
1670,T951020.235,19,19,19,19
1671,T951020.236,9,9,9,9
1672,T951020.237,62,62,62,62
1673,T951020.239,30,30,30,30
1674,T951020.240,2,2,2,2
1675,T951020.241,7,7,7,7
1676,T951020.243,2,2,2,2
1677,T951020.244,7,7,7,7
1678,T951020.246,19,19,19,19
1679,T951020.247,2,2,2,2
1680,T951020.25,56,56,56,56
1681,T951020.250,24,24,24,24
1682,T951020.251,46,46,46,46
1683,T951020.252,41,41,41,41
1684,T951020.253,46,46,46,46
1685,T951020.257,11,11,11,11
1686,T951020.258,10,10,10,10
1687,T951020.259,8,8,8,8
1688,T951020.26,83,83,83,83
1689,T951020.260,62,62,62,62
1690,T951020.263,63,63,63,63
1691,T951020.264,36,36,36,36
1692,T951020.265,30,30,30,30
1693,T951020.266,13,13,13,13
1694,T951020.269,78,78,78,78
1695,T951020.270,27,27,27,27
1696,T951020.271,24,24,24,24
1697,T951020.272,8,8,8,8
1698,T951020.273,15,15,15,15
1699,T951020.275,24,24,24,24
1700,T951020.277,28,28,28,28
1701,T951020.278,21,21,21,21
1702,T951020.279,23,23,23,23
1703,T951020.280,5,5,5,5
1704,T951020.281,2,2,2,2
1705,T951020.282,4,4,4,4
1706,T951020.283,6,6,6,6
1707,T951020.285,6,6,6,6
1708,T951020.286,3,3,3,3
1709,T951020.287,37,37,37,37
1710,T951020.288,39,39,39,39
1711,T951020.289,29,29,29,29
1712,T951020.29,45,45,45,45
1713,T951020.290,15,15,15,15
1714,T951020.291,2,2,2,2
1715,T951020.3,65,65,65,65
1716,T951020.30,42,42,42,42
1717,T951020.32,51,51,51,51
1718,T951020.34,44,44,44,44
1719,T951020.35,17,17,17,17
1720,T951020.36,12,12,12,12
1721,T951020.37,6,6,6,6
1722,T951020.38,7,7,7,7
1723,T951020.39,8,8,8,8
1724,T951020.40,5,5,5,5
1725,T951020.41,2,2,2,2
1726,T951020.42,72,72,72,72
1727,T951020.46,29,29,29,29
1728,T951020.47,43,43,43,43
1729,T951020.49,25,25,25,25
1730,T951020.50,7,7,7,7
1731,T951020.51,4,4,4,4
1732,T951020.52,13,13,13,13
1733,T951020.53,6,6,6,6
1734,T951020.54,3,3,3,3
1735,T951020.56,38,38,38,38
1736,T951020.58,46,46,46,46
1737,T951020.59,28,28,28,28
1738,T951020.60,30,30,30,30
1739,T951020.64,8,8,8,8
1740,T951020.65,4,4,4,4
1741,T951020.66,32,32,32,32
1742,T951020.71,75,75,75,75
1743,T951020.72,13,13,13,13
1744,T951020.73,6,6,6,6
1745,T951020.74,6,6,6,6
1746,T951020.75,6,6,6,6
1747,T951020.76,10,10,10,10
1748,T951020.77,5,5,5,5
1749,T951020.78,67,67,67,67
1750,T951020.81,57,57,57,57
1751,T951020.82,19,19,19,19
1752,T951020.83,70,70,70,70
1753,T951020.84,23,23,23,23
1754,T951020.89,40,40,40,40
1755,T951020.92,78,78,78,78
1756,T951020.93,4,4,4,4
1757,T951020.96,20,20,20,20
1758,T951020.97,38,38,38,38
1759,T951020.99,130,130,130,130
1760,T970102.150,42,42,42,42
1761,T970102.151,34,34,34,34
1762,T970102.201,41,41,41,41
1763,T970106.143,52,52,52,52
1764,T970106.84,60,60,60,60
1765,T970108.169,69,69,69,69
1766,T970111.175,48,48,48,48
1767,T970111.48,71,71,71,71
1768,T970113.185,66,66,66,66
1769,T970114.174,77,77,77,77
1770,T970115.55,41,41,41,41
1771,T970118.214,42,42,42,42
1772,T970118.35,69,69,69,69
1773,T970121.258,62,62,62,62
1774,T970123.306,53,53,53,53
1775,T970128.241,73,73,73,73
1776,T970203.89,53,53,53,53
1777,T970206.78,88,88,88,88
1778,T970208.11,82,82,82,82
1779,T970208.96,36,36,36,36
1780,T970210.144,76,76,76,76
1781,T970211.279,111,111,111,111
1782,T970212.32,46,46,46,46
1783,T970213.176,88,88,88,88
1784,T970213.389,49,49,49,49
1785,T970214.267,133,133,133,133
1786,T970217.164,66,66,66,66
1787,T970217.238,47,47,47,47
1788,T970217.58,46,46,46,46
1789,T970218.173,69,69,69,69
1790,T970219.240,49,49,49,49
1791,T970222.290,53,53,53,53
1792,T970224.138,54,54,54,54
1793,T970301.231,78,78,78,78
1794,T970301.377,50,50,50,50
1795,T970305.162,68,68,68,68
1796,T970305.202,52,52,52,52
1797,T970307.139,15,15,15,15
1798,T970307.266,58,58,58,58
1799,T970307.42,59,59,59,59
1800,T970308.43,43,43,43,43
1801,T970312.181,32,32,32,32
1802,T970312.215,50,50,50,50
1803,T970314.251,33,33,33,33
1804,T970314.55,95,95,95,95
1805,T970320.121,66,66,66,66
1806,T970320.215,63,63,63,63
1807,T970320.54,31,31,31,31
1808,T970324.99,41,41,41,41
1809,T970327.137,47,47,47,47
1810,T970402.117,91,91,91,91
1811,T970402.158,38,38,38,38
1812,T970402.245,93,93,93,93
1813,T970404.221,67,67,67,67
1814,T970404.48,40,40,40,40
1815,T970408.57,60,60,60,60
1816,T970409.151,45,45,45,45
1817,T970409.155,66,66,66,66
1818,T970409.254,54,54,54,54
1819,T970409.275,54,54,54,54
1820,T970410.201,32,32,32,32
1821,T970414.163,30,30,30,30
1822,T970415.268,27,27,27,27
1823,T970416.152,35,35,35,35
1824,T970418.250,58,58,58,58
1825,T970421.158,69,69,69,69
1826,T970422.37,128,128,128,128
1827,T970429.173,63,63,63,63
1828,T970429.195,28,28,28,28
1829,T970430.141,25,25,25,25
1830,T970502.62,56,56,56,56
1831,T970503.51,43,43,43,43
1832,T970505.33,66,66,66,66
1833,T970506.113,53,53,53,53
1834,T970506.172,58,58,58,58
1835,T970506.178,98,98,98,98
1836,T970507.153,52,52,52,52
1837,T970512.141,58,58,58,58
1838,T970515.161,83,83,83,83
1839,T970515.87,74,74,74,74
1840,T970516.176,61,61,61,61
1841,T970517.198,33,33,33,33
1842,T970517.318,55,55,55,55
1843,T970520.208,22,22,22,22
1844,T970522.187,58,58,58,58
1845,T970522.305,31,31,31,31
1846,T970527.167,34,34,34,34
1847,T970602.277,80,80,80,80
1848,T970602.89,64,64,64,64
1849,T970603.140,62,62,62,62
1850,T970603.178,61,61,61,61
1851,T970606.135,94,94,94,94
1852,T970609.124,43,43,43,43
1853,T970609.84,60,60,60,60
1854,T970610.145,95,95,95,95
1855,T970610.73,26,26,26,26
1856,T970612.280,51,51,51,51
1857,T970613.157,59,59,59,59
1858,T970614.80,58,58,58,58
1859,T970617.162,77,77,77,77
1860,T970621.37,74,74,74,74
1861,T970621.40,42,42,42,42
1862,T970624.131,81,81,81,81
1863,T970624.145,77,77,77,77
1864,T970624.90,58,58,58,58
1865,T970625.163,72,72,72,72
1866,T970625.240,22,22,22,22
1867,T970625.93,44,44,44,44
1868,T970626.211,29,29,29,29
1869,T970626.350,55,55,55,55
1870,T970626.66,53,53,53,53
1871,T970627.179,40,40,40,40
1872,T970702.157,38,38,38,38
1873,T970702.184,67,67,67,67
1874,T970703.41,83,83,83,83
1875,T970705.180,48,48,48,48
1876,T970705.260,27,27,27,27
1877,T970708.137,94,94,94,94
1878,T970709.60,41,41,41,41
1879,T970710.143,88,88,88,88
1880,T970710.153,66,66,66,66
1881,T970710.76,60,60,60,60
1882,T970711.94,72,72,72,72
1883,T970712.151,21,21,21,21
1884,T970712.166,41,41,41,41
1885,T970714.124,64,64,64,64
1886,T970714.138,85,85,85,85
1887,T970715.50,45,45,45,45
1888,T970717.119,104,104,104,104
1889,T970722.83,37,37,37,37
1890,T970724.143,37,37,37,37
1891,T970729.129,70,70,70,70
1892,T970729.234,35,35,35,35
1893,T970730.80,65,65,65,65
1894,T970801.205,56,56,56,56
1895,T970806.42,94,94,94,94
1896,T970807.292,52,52,52,52
1897,T970808.143,43,43,43,43
1898,T970808.169,46,46,46,46
1899,T970812.149,89,89,89,89
1900,T970812.210,43,43,43,43
1901,T970815.154,45,45,45,45
1902,T970815.222,29,29,29,29
1903,T970815.253,64,64,64,64
1904,T970816.230,44,44,44,44
1905,T970816.256,24,24,24,24
1906,T970818.213,41,41,41,41
1907,T970820.179,23,23,23,23
1908,T970820.187,54,54,54,54
1909,T970820.91,11,11,11,11
1910,T970821.256,97,97,97,97
1911,T970823.276,44,44,44,44
1912,T970823.330,34,34,34,34
1913,T970825.143,56,56,56,56
1914,T970826.120,66,66,66,66
1915,T970826.161,107,107,107,107
1916,T970827.100,55,55,55,55
1917,T970829.233,30,30,30,30
1918,T970829.79,62,62,62,62
1919,T970909.139,75,75,75,75
1920,T970909.83,132,132,132,132
1921,T970917.202,40,40,40,40
1922,T970918.138,61,61,61,61
1923,T970918.200,47,47,47,47
1924,T970919.43,27,27,27,27
1925,T970919.82,68,68,68,68
1926,T970922.154,64,64,64,64
1927,T970925.135,31,31,31,31
1928,T970925.275,63,63,63,63
1929,T970926.214,21,21,21,21
1930,T970926.83,53,53,53,53
1931,T970927.303,67,67,67,67
1932,T971001.163,65,65,65,65
1933,T971002.169,67,67,67,67
1934,T971004.216,56,56,56,56
1935,T971004.305,77,77,77,77
1936,T971006.165,59,59,59,59
1937,T971006.65,44,44,44,44
1938,T971007.258,19,19,19,19
1939,T971009.204,72,72,72,72
1940,T971010.131,44,44,44,44
1941,T971015.138,43,43,43,43
1942,T971018.291,51,51,51,51
1943,T971020.182,68,68,68,68
1944,T971021.21,27,27,27,27
1945,T971022.234,34,34,34,34
1946,T971025.198,45,45,45,45
1947,T971027.159,70,70,70,70
1948,T971027.164,63,63,63,63
1949,T971028.153,84,84,84,84
1950,T971029.78,40,40,40,40
1951,T971030.21,48,48,48,48
1952,T971030.89,33,33,33,33
1953,T971101.15,58,58,58,58
1954,T971101.175,37,37,37,37
1955,T971101.93,57,57,57,57
1956,T971103.215,42,42,42,42
1957,T971103.272,51,51,51,51
1958,T971105.192,59,59,59,59
1959,T971106.102,58,58,58,58
1960,T971106.173,74,74,74,74
1961,T971107.357,36,36,36,36
1962,T971110.158,141,141,141,141
1963,T971110.203,33,33,33,33
1964,T971111.125,56,56,56,56
1965,T971111.161,45,45,45,45
1966,T971111.168,45,45,45,45
1967,T971113.206,61,61,61,61
1968,T971113.283,39,39,39,39
1969,T971114.146,46,46,46,46
1970,T971119.63,36,36,36,36
1971,T971120.308,42,42,42,42
1972,T971121.107,81,81,81,81
1973,T971121.339,41,41,41,41
1974,T971124.160,78,78,78,78
1975,T971125.106,87,87,87,87
1976,T971125.152,111,111,111,111
1977,T971201.162,57,57,57,57
1978,T971203.113,56,56,56,56
1979,T971205.11,51,51,51,51
1980,T971205.227,38,38,38,38
1981,T971205.263,73,73,73,73
1982,T971206.261,83,83,83,83
1983,T971206.58,65,65,65,65
1984,T971209.27,51,51,51,51
1985,T971210.123,82,82,82,82
1986,T971211.183,85,85,85,85
1987,T971211.247,44,44,44,44
1988,T971211.30,61,61,61,61
1989,T971212.14,36,36,36,36
1990,T971212.250,49,49,49,49
1991,T971213.347,48,48,48,48
1992,T971213.88,75,75,75,75
1993,T971215.117,39,39,39,39
1994,T971216.24,42,42,42,42
1995,T971216.26,40,40,40,40
1996,T971227.118,114,114,114,114
1997,T971230.158,92,92,92,92
1998,T990430.100,23,23,23,23
1999,T990430.101,31,31,31,31
2000,T990430.103,39,39,39,39
2001,T990430.104,23,23,23,23
2002,T990430.109,6,6,6,6
2003,T990430.110,35,35,35,35
2004,T990430.111,9,9,9,9
2005,T990430.114,17,17,17,17
2006,T990430.115,8,8,8,8
2007,T990430.116,9,9,9,9
2008,T990430.117,11,11,11,11
2009,T990430.118,110,110,110,110
2010,T990430.119,16,16,16,16
2011,T990430.120,7,7,7,7
2012,T990430.121,81,81,81,81
2013,T990430.122,23,23,23,23
2014,T990430.124,37,37,37,37
2015,T990430.125,30,30,30,30
2016,T990430.127,54,54,54,54
2017,T990430.128,8,8,8,8
2018,T990430.129,21,21,21,21
2019,T990430.130,10,10,10,10
2020,T990430.131,3,3,3,3
2021,T990430.132,9,9,9,9
2022,T990430.133,49,49,49,49
2023,T990430.134,81,81,81,81
2024,T990430.137,51,51,51,51
2025,T990430.138,58,58,58,58
2026,T990430.139,93,93,93,93
2027,T990430.140,16,16,16,16
2028,T990430.141,14,14,14,14
2029,T990430.142,83,83,83,83
2030,T990430.143,17,17,17,17
2031,T990430.144,64,64,64,64
2032,T990430.147,57,57,57,57
2033,T990430.148,51,51,51,51
2034,T990430.149,26,26,26,26
2035,T990430.15,3,3,3,3
2036,T990430.150,90,90,90,90
2037,T990430.153,30,30,30,30
2038,T990430.156,80,80,80,80
2039,T990430.157,19,19,19,19
2040,T990430.158,64,64,64,64
2041,T990430.16,24,24,24,24
2042,T990430.160,30,30,30,30
2043,T990430.162,38,38,38,38
2044,T990430.164,77,77,77,77
2045,T990430.167,21,21,21,21
2046,T990430.168,2,2,2,2
2047,T990430.169,2,2,2,2
2048,T990430.170,4,4,4,4
2049,T990430.171,67,67,67,67
2050,T990430.172,5,5,5,5
2051,T990430.174,48,48,48,48
2052,T990430.175,31,31,31,31
2053,T990430.176,125,125,125,125
2054,T990430.177,23,23,23,23
2055,T990430.178,46,46,46,46
2056,T990430.18,109,109,109,109
2057,T990430.180,23,23,23,23
2058,T990430.181,20,20,20,20
2059,T990430.182,10,10,10,10
2060,T990430.183,11,11,11,11
2061,T990430.184,6,6,6,6
2062,T990430.185,8,8,8,8
2063,T990430.186,12,12,12,12
2064,T990430.187,25,25,25,25
2065,T990430.188,50,50,50,50
2066,T990430.189,18,18,18,18
2067,T990430.191,27,27,27,27
2068,T990430.192,31,31,31,31
2069,T990430.193,42,42,42,42
2070,T990430.194,19,19,19,19
2071,T990430.195,39,39,39,39
2072,T990430.196,152,152,152,152
2073,T990430.200,57,57,57,57
2074,T990430.201,31,31,31,31
2075,T990430.202,149,149,149,149
2076,T990430.204,199,199,199,199
2077,T990430.205,69,69,69,69
2078,T990430.210,59,59,59,59
2079,T990430.211,18,18,18,18
2080,T990430.212,22,22,22,22
2081,T990430.213,13,13,13,13
2082,T990430.215,10,10,10,10
2083,T990430.216,12,12,12,12
2084,T990430.217,6,6,6,6
2085,T990430.218,2,2,2,2
2086,T990430.219,9,9,9,9
2087,T990430.22,155,155,155,155
2088,T990430.220,28,28,28,28
2089,T990430.221,47,47,47,47
2090,T990430.223,44,44,44,44
2091,T990430.224,14,14,14,14
2092,T990430.226,44,44,44,44
2093,T990430.227,28,28,28,28
2094,T990430.228,38,38,38,38
2095,T990430.229,39,39,39,39
2096,T990430.231,44,44,44,44
2097,T990430.232,30,30,30,30
2098,T990430.235,2,2,2,2
2099,T990430.236,11,11,11,11
2100,T990430.238,63,63,63,63
2101,T990430.240,17,17,17,17
2102,T990430.241,5,5,5,5
2103,T990430.242,7,7,7,7
2104,T990430.244,31,31,31,31
2105,T990430.245,6,6,6,6
2106,T990430.246,13,13,13,13
2107,T990430.247,32,32,32,32
2108,T990430.248,21,21,21,21
2109,T990430.249,6,6,6,6
2110,T990430.251,21,21,21,21
2111,T990430.252,10,10,10,10
2112,T990430.254,47,47,47,47
2113,T990430.255,34,34,34,34
2114,T990430.256,38,38,38,38
2115,T990430.257,16,16,16,16
2116,T990430.259,46,46,46,46
2117,T990430.26,32,32,32,32
2118,T990430.260,42,42,42,42
2119,T990430.261,42,42,42,42
2120,T990430.262,19,19,19,19
2121,T990430.263,9,9,9,9
2122,T990430.264,11,11,11,11
2123,T990430.266,24,24,24,24
2124,T990430.267,28,28,28,28
2125,T990430.268,40,40,40,40
2126,T990430.269,2,2,2,2
2127,T990430.27,42,42,42,42
2128,T990430.270,4,4,4,4
2129,T990430.271,4,4,4,4
2130,T990430.272,3,3,3,3
2131,T990430.273,22,22,22,22
2132,T990430.276,36,36,36,36
2133,T990430.279,23,23,23,23
2134,T990430.28,31,31,31,31
2135,T990430.280,81,81,81,81
2136,T990430.281,61,61,61,61
2137,T990430.282,28,28,28,28
2138,T990430.283,3,3,3,3
2139,T990430.284,61,61,61,61
2140,T990430.285,153,153,153,153
2141,T990430.286,86,86,86,86
2142,T990430.287,44,44,44,44
2143,T990430.288,143,143,143,143
2144,T990430.289,60,60,60,60
2145,T990430.290,37,37,37,37
2146,T990430.291,94,94,94,94
2147,T990430.292,94,94,94,94
2148,T990430.293,18,18,18,18
2149,T990430.32,158,158,158,158
2150,T990430.33,126,126,126,126
2151,T990430.34,254,254,254,254
2152,T990430.35,89,89,89,89
2153,T990430.38,122,122,122,122
2154,T990430.39,9,9,9,9
2155,T990430.42,73,73,73,73
2156,T990430.5,36,36,36,36
2157,T990430.54,41,41,41,41
2158,T990430.57,341,341,341,341
2159,T990430.62,36,36,36,36
2160,T990430.65,54,54,54,54
2161,T990430.67,38,38,38,38
2162,T990430.68,5,5,5,5
2163,T990430.69,6,6,6,6
2164,T990430.70,12,12,12,12
2165,T990430.71,5,5,5,5
2166,T990430.72,40,40,40,40
2167,T990430.73,58,58,58,58
2168,T990430.75,75,75,75,75
2169,T990430.76,33,33,33,33
2170,T990430.77,3,3,3,3
2171,T990430.78,13,13,13,13
2172,T990430.79,11,11,11,11
2173,T990430.80,6,6,6,6
2174,T990430.81,6,6,6,6
2175,T990430.83,37,37,37,37
2176,T990430.84,13,13,13,13
2177,T990430.85,15,15,15,15
2178,T990430.86,31,31,31,31
2179,T990430.87,34,34,34,34
2180,T990430.88,2,2,2,2
2181,T990430.89,139,139,139,139
2182,T990430.9,29,29,29,29
2183,T990430.90,98,98,98,98
2184,T990430.95,131,131,131,131
2185,T990430.96,9,9,9,9
2186,T990430.97,79,79,79,79
2187,T990430.98,67,67,67,67
2188,T990430.99,48,48,48,48
2189,T990503.10,18,18,18,18
2190,T990503.101,27,27,27,27
2191,T990503.102,27,27,27,27
2192,T990503.103,19,19,19,19
2193,T990503.105,4,4,4,4
2194,T990503.106,11,11,11,11
2195,T990503.107,26,26,26,26
2196,T990503.108,99,99,99,99
2197,T990503.109,11,11,11,11
2198,T990503.110,36,36,36,36
2199,T990503.111,31,31,31,31
2200,T990503.113,20,20,20,20
2201,T990503.114,4,4,4,4
2202,T990503.115,7,7,7,7
2203,T990503.116,50,50,50,50
2204,T990503.119,24,24,24,24
2205,T990503.12,24,24,24,24
2206,T990503.120,12,12,12,12
2207,T990503.121,18,18,18,18
2208,T990503.122,4,4,4,4
2209,T990503.123,15,15,15,15
2210,T990503.124,7,7,7,7
2211,T990503.125,7,7,7,7
2212,T990503.126,50,50,50,50
2213,T990503.128,50,50,50,50
2214,T990503.129,35,35,35,35
2215,T990503.13,37,37,37,37
2216,T990503.130,8,8,8,8
2217,T990503.131,18,18,18,18
2218,T990503.132,13,13,13,13
2219,T990503.133,7,7,7,7
2220,T990503.134,6,6,6,6
2221,T990503.135,15,15,15,15
2222,T990503.136,11,11,11,11
2223,T990503.137,31,31,31,31
2224,T990503.138,32,32,32,32
2225,T990503.14,21,21,21,21
2226,T990503.140,87,87,87,87
2227,T990503.141,95,95,95,95
2228,T990503.142,8,8,8,8
2229,T990503.143,3,3,3,3
2230,T990503.145,41,41,41,41
2231,T990503.146,46,46,46,46
2232,T990503.147,28,28,28,28
2233,T990503.148,74,74,74,74
2234,T990503.149,26,26,26,26
2235,T990503.15,83,83,83,83
2236,T990503.150,29,29,29,29
2237,T990503.152,17,17,17,17
2238,T990503.153,39,39,39,39
2239,T990503.154,15,15,15,15
2240,T990503.155,7,7,7,7
2241,T990503.156,8,8,8,8
2242,T990503.157,3,3,3,3
2243,T990503.158,10,10,10,10
2244,T990503.159,5,5,5,5
2245,T990503.160,6,6,6,6
2246,T990503.161,13,13,13,13
2247,T990503.162,63,63,63,63
2248,T990503.163,23,23,23,23
2249,T990503.164,6,6,6,6
2250,T990503.165,23,23,23,23
2251,T990503.166,45,45,45,45
2252,T990503.168,3,3,3,3
2253,T990503.169,59,59,59,59
2254,T990503.17,4,4,4,4
2255,T990503.170,35,35,35,35
2256,T990503.172,88,88,88,88
2257,T990503.175,8,8,8,8
2258,T990503.177,39,39,39,39
2259,T990503.178,120,120,120,120
2260,T990503.179,51,51,51,51
2261,T990503.18,39,39,39,39
2262,T990503.181,101,101,101,101
2263,T990503.182,38,38,38,38
2264,T990503.184,31,31,31,31
2265,T990503.187,41,41,41,41
2266,T990503.189,101,101,101,101
2267,T990503.19,80,80,80,80
2268,T990503.191,62,62,62,62
2269,T990503.192,53,53,53,53
2270,T990503.193,3,3,3,3
2271,T990503.195,16,16,16,16
2272,T990503.196,23,23,23,23
2273,T990503.197,20,20,20,20
2274,T990503.198,8,8,8,8
2275,T990503.2,65,65,65,65
2276,T990503.20,6,6,6,6
2277,T990503.201,7,7,7,7
2278,T990503.203,73,73,73,73
2279,T990503.204,15,15,15,15
2280,T990503.205,6,6,6,6
2281,T990503.206,2,2,2,2
2282,T990503.207,5,5,5,5
2283,T990503.208,7,7,7,7
2284,T990503.209,5,5,5,5
2285,T990503.210,2,2,2,2
2286,T990503.212,50,50,50,50
2287,T990503.213,35,35,35,35
2288,T990503.214,30,30,30,30
2289,T990503.215,7,7,7,7
2290,T990503.217,6,6,6,6
2291,T990503.218,3,3,3,3
2292,T990503.219,2,2,2,2
2293,T990503.222,4,4,4,4
2294,T990503.23,7,7,7,7
2295,T990503.25,35,35,35,35
2296,T990503.28,38,38,38,38
2297,T990503.3,22,22,22,22
2298,T990503.4,18,18,18,18
2299,T990503.44,23,23,23,23
2300,T990503.51,24,24,24,24
2301,T990503.52,35,35,35,35
2302,T990503.53,35,35,35,35
2303,T990503.54,86,86,86,86
2304,T990503.56,77,77,77,77
2305,T990503.57,74,74,74,74
2306,T990503.58,50,50,50,50
2307,T990503.59,17,17,17,17
2308,T990503.6,8,8,8,8
2309,T990503.65,49,49,49,49
2310,T990503.67,26,26,26,26
2311,T990503.68,106,106,106,106
2312,T990503.69,4,4,4,4
2313,T990503.7,6,6,6,6
2314,T990503.70,9,9,9,9
2315,T990503.71,7,7,7,7
2316,T990503.72,4,4,4,4
2317,T990503.73,4,4,4,4
2318,T990503.75,77,77,77,77
2319,T990503.76,70,70,70,70
2320,T990503.77,53,53,53,53
2321,T990503.78,2,2,2,2
2322,T990503.79,4,4,4,4
2323,T990503.8,2,2,2,2
2324,T990503.80,12,12,12,12
2325,T990503.81,9,9,9,9
2326,T990503.82,10,10,10,10
2327,T990503.83,44,44,44,44
2328,T990503.84,14,14,14,14
2329,T990503.85,13,13,13,13
2330,T990503.87,39,39,39,39
2331,T990503.88,22,22,22,22
2332,T990503.89,9,9,9,9
2333,T990503.91,117,117,117,117
2334,T990503.92,8,8,8,8
2335,T990503.95,197,197,197,197
2336,T990503.96,47,47,47,47
2337,T990503.97,15,15,15,15
2338,T990503.98,130,130,130,130
2339,T990503.99,51,51,51,51
2340,T990504.1,34,34,34,34
2341,T990504.100,57,57,57,57
2342,T990504.101,24,24,24,24
2343,T990504.102,39,39,39,39
2344,T990504.103,40,40,40,40
2345,T990504.105,5,5,5,5
2346,T990504.106,5,5,5,5
2347,T990504.107,2,2,2,2
2348,T990504.109,9,9,9,9
2349,T990504.110,2,2,2,2
2350,T990504.112,36,36,36,36
2351,T990504.113,47,47,47,47
2352,T990504.116,57,57,57,57
2353,T990504.117,83,83,83,83
2354,T990504.118,34,34,34,34
2355,T990504.119,3,3,3,3
2356,T990504.121,27,27,27,27
2357,T990504.122,30,30,30,30
2358,T990504.123,77,77,77,77
2359,T990504.124,15,15,15,15
2360,T990504.125,42,42,42,42
2361,T990504.127,29,29,29,29
2362,T990504.128,7,7,7,7
2363,T990504.129,10,10,10,10
2364,T990504.130,12,12,12,12
2365,T990504.131,5,5,5,5
2366,T990504.132,6,6,6,6
2367,T990504.133,12,12,12,12
2368,T990504.134,10,10,10,10
2369,T990504.135,9,9,9,9
2370,T990504.136,18,18,18,18
2371,T990504.137,21,21,21,21
2372,T990504.138,45,45,45,45
2373,T990504.139,27,27,27,27
2374,T990504.140,33,33,33,33
2375,T990504.141,42,42,42,42
2376,T990504.142,213,213,213,213
2377,T990504.144,56,56,56,56
2378,T990504.145,43,43,43,43
2379,T990504.147,30,30,30,30
2380,T990504.148,47,47,47,47
2381,T990504.149,3,3,3,3
2382,T990504.15,18,18,18,18
2383,T990504.154,33,33,33,33
2384,T990504.155,100,100,100,100
2385,T990504.156,67,67,67,67
2386,T990504.157,55,55,55,55
2387,T990504.159,55,55,55,55
2388,T990504.160,135,135,135,135
2389,T990504.162,53,53,53,53
2390,T990504.164,60,60,60,60
2391,T990504.165,20,20,20,20
2392,T990504.166,27,27,27,27
2393,T990504.167,12,12,12,12
2394,T990504.169,4,4,4,4
2395,T990504.170,6,6,6,6
2396,T990504.171,5,5,5,5
2397,T990504.172,5,5,5,5
2398,T990504.174,25,25,25,25
2399,T990504.175,47,47,47,47
2400,T990504.177,21,21,21,21
2401,T990504.178,15,15,15,15
2402,T990504.179,10,10,10,10
2403,T990504.180,3,3,3,3
2404,T990504.181,18,18,18,18
2405,T990504.182,7,7,7,7
2406,T990504.183,10,10,10,10
2407,T990504.185,32,32,32,32
2408,T990504.186,2,2,2,2
2409,T990504.187,39,39,39,39
2410,T990504.188,43,43,43,43
2411,T990504.189,24,24,24,24
2412,T990504.190,33,33,33,33
2413,T990504.191,2,2,2,2
2414,T990504.192,2,2,2,2
2415,T990504.193,12,12,12,12
2416,T990504.195,32,32,32,32
2417,T990504.196,8,8,8,8
2418,T990504.197,37,37,37,37
2419,T990504.198,8,8,8,8
2420,T990504.199,15,15,15,15
2421,T990504.201,55,55,55,55
2422,T990504.202,29,29,29,29
2423,T990504.203,37,37,37,37
2424,T990504.205,37,37,37,37
2425,T990504.206,25,25,25,25
2426,T990504.207,32,32,32,32
2427,T990504.208,37,37,37,37
2428,T990504.209,13,13,13,13
2429,T990504.211,26,26,26,26
2430,T990504.212,47,47,47,47
2431,T990504.213,5,5,5,5
2432,T990504.214,24,24,24,24
2433,T990504.215,22,22,22,22
2434,T990504.217,2,2,2,2
2435,T990504.219,6,6,6,6
2436,T990504.220,8,8,8,8
2437,T990504.23,48,48,48,48
2438,T990504.24,15,15,15,15
2439,T990504.25,40,40,40,40
2440,T990504.26,11,11,11,11
2441,T990504.27,69,69,69,69
2442,T990504.28,48,48,48,48
2443,T990504.29,68,68,68,68
2444,T990504.30,48,48,48,48
2445,T990504.33,74,74,74,74
2446,T990504.34,8,8,8,8
2447,T990504.35,34,34,34,34
2448,T990504.36,5,5,5,5
2449,T990504.37,7,7,7,7
2450,T990504.38,5,5,5,5
2451,T990504.39,7,7,7,7
2452,T990504.40,10,10,10,10
2453,T990504.41,65,65,65,65
2454,T990504.42,33,33,33,33
2455,T990504.43,14,14,14,14
2456,T990504.45,31,31,31,31
2457,T990504.46,51,51,51,51
2458,T990504.47,11,11,11,11
2459,T990504.48,8,8,8,8
2460,T990504.49,9,9,9,9
2461,T990504.50,7,7,7,7
2462,T990504.51,203,203,203,203
2463,T990504.52,4,4,4,4
2464,T990504.55,37,37,37,37
2465,T990504.56,99,99,99,99
2466,T990504.57,13,13,13,13
2467,T990504.58,60,60,60,60
2468,T990504.59,8,8,8,8
2469,T990504.60,23,23,23,23
2470,T990504.64,40,40,40,40
2471,T990504.65,42,42,42,42
2472,T990504.66,76,76,76,76
2473,T990504.67,21,21,21,21
2474,T990504.69,14,14,14,14
2475,T990504.70,2,2,2,2
2476,T990504.72,2,2,2,2
2477,T990504.73,53,53,53,53
2478,T990504.74,26,26,26,26
2479,T990504.75,72,72,72,72
2480,T990504.76,5,5,5,5
2481,T990504.77,36,36,36,36
2482,T990504.78,24,24,24,24
2483,T990504.79,20,20,20,20
2484,T990504.81,12,12,12,12
2485,T990504.82,7,7,7,7
2486,T990504.83,13,13,13,13
2487,T990504.84,5,5,5,5
2488,T990504.85,59,59,59,59
2489,T990504.86,7,7,7,7
2490,T990504.87,8,8,8,8
2491,T990504.89,14,14,14,14
2492,T990504.90,4,4,4,4
2493,T990504.91,12,12,12,12
2494,T990504.92,6,6,6,6
2495,T990504.93,3,3,3,3
2496,T990504.94,2,2,2,2
2497,T990504.95,6,6,6,6
2498,T990504.96,5,5,5,5
2499,T990504.97,12,12,12,12
2500,T990504.98,69,69,69,69
2501,T990505.100,6,6,6,6
2502,T990505.101,4,4,4,4
2503,T990505.102,39,39,39,39
2504,T990505.103,18,18,18,18
2505,T990505.104,33,33,33,33
2506,T990505.105,10,10,10,10
2507,T990505.106,12,12,12,12
2508,T990505.107,7,7,7,7
2509,T990505.108,4,4,4,4
2510,T990505.109,5,5,5,5
2511,T990505.110,9,9,9,9
2512,T990505.111,21,21,21,21
2513,T990505.112,39,39,39,39
2514,T990505.114,57,57,57,57
2515,T990505.115,11,11,11,11
2516,T990505.116,37,37,37,37
2517,T990505.118,8,8,8,8
2518,T990505.119,8,8,8,8
2519,T990505.120,5,5,5,5
2520,T990505.121,3,3,3,3
2521,T990505.122,25,25,25,25
2522,T990505.123,11,11,11,11
2523,T990505.124,7,7,7,7
2524,T990505.125,30,30,30,30
2525,T990505.128,52,52,52,52
2526,T990505.129,44,44,44,44
2527,T990505.130,4,4,4,4
2528,T990505.132,48,48,48,48
2529,T990505.133,24,24,24,24
2530,T990505.134,90,90,90,90
2531,T990505.135,45,45,45,45
2532,T990505.136,25,25,25,25
2533,T990505.138,22,22,22,22
2534,T990505.139,27,27,27,27
2535,T990505.140,8,8,8,8
2536,T990505.141,6,6,6,6
2537,T990505.142,6,6,6,6
2538,T990505.143,7,7,7,7
2539,T990505.144,7,7,7,7
2540,T990505.145,5,5,5,5
2541,T990505.146,3,3,3,3
2542,T990505.147,19,19,19,19
2543,T990505.148,60,60,60,60
2544,T990505.149,42,42,42,42
2545,T990505.150,144,144,144,144
2546,T990505.152,43,43,43,43
2547,T990505.153,36,36,36,36
2548,T990505.155,25,25,25,25
2549,T990505.156,44,44,44,44
2550,T990505.157,63,63,63,63
2551,T990505.158,6,6,6,6
2552,T990505.16,22,22,22,22
2553,T990505.162,21,21,21,21
2554,T990505.164,52,52,52,52
2555,T990505.165,67,67,67,67
2556,T990505.166,78,78,78,78
2557,T990505.168,54,54,54,54
2558,T990505.169,35,35,35,35
2559,T990505.171,66,66,66,66
2560,T990505.173,86,86,86,86
2561,T990505.177,133,133,133,133
2562,T990505.178,35,35,35,35
2563,T990505.179,30,30,30,30
2564,T990505.18,42,42,42,42
2565,T990505.181,173,173,173,173
2566,T990505.182,12,12,12,12
2567,T990505.183,41,41,41,41
2568,T990505.186,10,10,10,10
2569,T990505.187,15,15,15,15
2570,T990505.189,37,37,37,37
2571,T990505.190,7,7,7,7
2572,T990505.191,22,22,22,22
2573,T990505.192,4,4,4,4
2574,T990505.193,10,10,10,10
2575,T990505.194,10,10,10,10
2576,T990505.196,58,58,58,58
2577,T990505.197,13,13,13,13
2578,T990505.198,13,13,13,13
2579,T990505.199,13,13,13,13
2580,T990505.20,47,47,47,47
2581,T990505.201,29,29,29,29
2582,T990505.202,25,25,25,25
2583,T990505.203,31,31,31,31
2584,T990505.204,19,19,19,19
2585,T990505.205,11,11,11,11
2586,T990505.207,18,18,18,18
2587,T990505.208,46,46,46,46
2588,T990505.209,35,35,35,35
2589,T990505.21,14,14,14,14
2590,T990505.210,15,15,15,15
2591,T990505.211,3,3,3,3
2592,T990505.212,2,2,2,2
2593,T990505.213,2,2,2,2
2594,T990505.214,2,2,2,2
2595,T990505.215,4,4,4,4
2596,T990505.22,21,21,21,21
2597,T990505.23,11,11,11,11
2598,T990505.24,2,2,2,2
2599,T990505.27,72,72,72,72
2600,T990505.28,20,20,20,20
2601,T990505.29,32,32,32,32
2602,T990505.30,28,28,28,28
2603,T990505.32,4,4,4,4
2604,T990505.34,5,5,5,5
2605,T990505.35,2,2,2,2
2606,T990505.36,12,12,12,12
2607,T990505.37,19,19,19,19
2608,T990505.38,37,37,37,37
2609,T990505.39,9,9,9,9
2610,T990505.40,2,2,2,2
2611,T990505.41,28,28,28,28
2612,T990505.42,34,34,34,34
2613,T990505.43,26,26,26,26
2614,T990505.45,126,126,126,126
2615,T990505.46,32,32,32,32
2616,T990505.47,44,44,44,44
2617,T990505.49,61,61,61,61
2618,T990505.50,6,6,6,6
2619,T990505.51,7,7,7,7
2620,T990505.52,5,5,5,5
2621,T990505.58,58,58,58,58
2622,T990505.59,18,18,18,18
2623,T990505.60,55,55,55,55
2624,T990505.61,11,11,11,11
2625,T990505.62,8,8,8,8
2626,T990505.63,2,2,2,2
2627,T990505.65,40,40,40,40
2628,T990505.66,36,36,36,36
2629,T990505.68,8,8,8,8
2630,T990505.69,4,4,4,4
2631,T990505.70,13,13,13,13
2632,T990505.71,5,5,5,5
2633,T990505.73,94,94,94,94
2634,T990505.74,37,37,37,37
2635,T990505.77,209,209,209,209
2636,T990505.78,48,48,48,48
2637,T990505.80,20,20,20,20
2638,T990505.81,29,29,29,29
2639,T990505.82,51,51,51,51
2640,T990505.85,94,94,94,94
2641,T990505.86,60,60,60,60
2642,T990505.88,4,4,4,4
2643,T990505.89,13,13,13,13
2644,T990505.90,47,47,47,47
2645,T990505.91,6,6,6,6
2646,T990505.92,11,11,11,11
2647,T990505.93,37,37,37,37
2648,T990505.94,2,2,2,2
2649,T990505.95,50,50,50,50
2650,T990505.96,33,33,33,33
2651,T990505.98,24,24,24,24
2652,T990505.99,5,5,5,5
2653,T990506.10,7,7,7,7
2654,T990506.100,61,61,61,61
2655,T990506.101,49,49,49,49
2656,T990506.103,34,34,34,34
2657,T990506.104,5,5,5,5
2658,T990506.105,40,40,40,40
2659,T990506.107,39,39,39,39
2660,T990506.108,13,13,13,13
2661,T990506.109,4,4,4,4
2662,T990506.11,24,24,24,24
2663,T990506.111,2,2,2,2
2664,T990506.112,12,12,12,12
2665,T990506.113,42,42,42,42
2666,T990506.114,40,40,40,40
2667,T990506.116,13,13,13,13
2668,T990506.117,82,82,82,82
2669,T990506.118,94,94,94,94
2670,T990506.12,69,69,69,69
2671,T990506.120,5,5,5,5
2672,T990506.121,3,3,3,3
2673,T990506.122,14,14,14,14
2674,T990506.123,11,11,11,11
2675,T990506.125,2,2,2,2
2676,T990506.126,9,9,9,9
2677,T990506.127,7,7,7,7
2678,T990506.128,32,32,32,32
2679,T990506.129,98,98,98,98
2680,T990506.131,65,65,65,65
2681,T990506.134,13,13,13,13
2682,T990506.135,12,12,12,12
2683,T990506.136,91,91,91,91
2684,T990506.137,43,43,43,43
2685,T990506.138,48,48,48,48
2686,T990506.139,89,89,89,89
2687,T990506.14,8,8,8,8
2688,T990506.141,43,43,43,43
2689,T990506.142,19,19,19,19
2690,T990506.143,26,26,26,26
2691,T990506.144,4,4,4,4
2692,T990506.146,29,29,29,29
2693,T990506.147,55,55,55,55
2694,T990506.148,62,62,62,62
2695,T990506.149,15,15,15,15
2696,T990506.15,2,2,2,2
2697,T990506.150,48,48,48,48
2698,T990506.152,11,11,11,11
2699,T990506.153,42,42,42,42
2700,T990506.154,12,12,12,12
2701,T990506.155,10,10,10,10
2702,T990506.156,7,7,7,7
2703,T990506.157,13,13,13,13
2704,T990506.158,10,10,10,10
2705,T990506.159,7,7,7,7
2706,T990506.16,3,3,3,3
2707,T990506.160,6,6,6,6
2708,T990506.161,11,11,11,11
2709,T990506.162,37,37,37,37
2710,T990506.163,9,9,9,9
2711,T990506.164,33,33,33,33
2712,T990506.165,20,20,20,20
2713,T990506.166,14,14,14,14
2714,T990506.167,64,64,64,64
2715,T990506.168,30,30,30,30
2716,T990506.17,10,10,10,10
2717,T990506.170,13,13,13,13
2718,T990506.171,30,30,30,30
2719,T990506.174,36,36,36,36
2720,T990506.179,354,354,354,354
2721,T990506.180,90,90,90,90
2722,T990506.182,14,14,14,14
2723,T990506.183,47,47,47,47
2724,T990506.185,40,40,40,40
2725,T990506.186,27,27,27,27
2726,T990506.187,25,25,25,25
2727,T990506.188,28,28,28,28
2728,T990506.189,21,21,21,21
2729,T990506.19,8,8,8,8
2730,T990506.191,15,15,15,15
2731,T990506.192,46,46,46,46
2732,T990506.193,21,21,21,21
2733,T990506.194,21,21,21,21
2734,T990506.195,44,44,44,44
2735,T990506.196,4,4,4,4
2736,T990506.197,4,4,4,4
2737,T990506.199,4,4,4,4
2738,T990506.2,62,62,62,62
2739,T990506.20,7,7,7,7
2740,T990506.200,6,6,6,6
2741,T990506.201,2,2,2,2
2742,T990506.203,44,44,44,44
2743,T990506.204,4,4,4,4
2744,T990506.206,4,4,4,4
2745,T990506.207,6,6,6,6
2746,T990506.209,6,6,6,6
2747,T990506.21,4,4,4,4
2748,T990506.210,16,16,16,16
2749,T990506.211,24,24,24,24
2750,T990506.212,8,8,8,8
2751,T990506.213,12,12,12,12
2752,T990506.214,11,11,11,11
2753,T990506.216,33,33,33,33
2754,T990506.217,15,15,15,15
2755,T990506.218,6,6,6,6
2756,T990506.219,9,9,9,9
2757,T990506.220,3,3,3,3
2758,T990506.222,27,27,27,27
2759,T990506.223,8,8,8,8
2760,T990506.224,2,2,2,2
2761,T990506.226,2,2,2,2
2762,T990506.227,3,3,3,3
2763,T990506.228,2,2,2,2
2764,T990506.229,39,39,39,39
2765,T990506.23,584,584,584,584
2766,T990506.230,61,61,61,61
2767,T990506.231,24,24,24,24
2768,T990506.232,7,7,7,7
2769,T990506.233,11,11,11,11
2770,T990506.234,8,8,8,8
2771,T990506.237,65,65,65,65
2772,T990506.238,53,53,53,53
2773,T990506.239,38,38,38,38
2774,T990506.24,25,25,25,25
2775,T990506.240,6,6,6,6
2776,T990506.241,5,5,5,5
2777,T990506.243,5,5,5,5
2778,T990506.244,20,20,20,20
2779,T990506.245,18,18,18,18
2780,T990506.246,30,30,30,30
2781,T990506.247,24,24,24,24
2782,T990506.248,12,12,12,12
2783,T990506.249,4,4,4,4
2784,T990506.25,118,118,118,118
2785,T990506.250,17,17,17,17
2786,T990506.251,54,54,54,54
2787,T990506.252,57,57,57,57
2788,T990506.253,13,13,13,13
2789,T990506.254,54,54,54,54
2790,T990506.255,121,121,121,121
2791,T990506.256,69,69,69,69
2792,T990506.26,4,4,4,4
2793,T990506.27,5,5,5,5
2794,T990506.28,4,4,4,4
2795,T990506.29,6,6,6,6
2796,T990506.3,23,23,23,23
2797,T990506.30,2,2,2,2
2798,T990506.31,3,3,3,3
2799,T990506.32,6,6,6,6
2800,T990506.34,27,27,27,27
2801,T990506.35,30,30,30,30
2802,T990506.36,3,3,3,3
2803,T990506.37,6,6,6,6
2804,T990506.38,9,9,9,9
2805,T990506.4,64,64,64,64
2806,T990506.41,61,61,61,61
2807,T990506.44,10,10,10,10
2808,T990506.48,50,50,50,50
2809,T990506.49,13,13,13,13
2810,T990506.5,25,25,25,25
2811,T990506.50,12,12,12,12
2812,T990506.51,34,34,34,34
2813,T990506.52,10,10,10,10
2814,T990506.53,110,110,110,110
2815,T990506.54,38,38,38,38
2816,T990506.55,27,27,27,27
2817,T990506.56,64,64,64,64
2818,T990506.59,31,31,31,31
2819,T990506.60,26,26,26,26
2820,T990506.61,21,21,21,21
2821,T990506.62,14,14,14,14
2822,T990506.63,10,10,10,10
2823,T990506.64,9,9,9,9
2824,T990506.65,4,4,4,4
2825,T990506.66,7,7,7,7
2826,T990506.68,116,116,116,116
2827,T990506.72,18,18,18,18
2828,T990506.73,43,43,43,43
2829,T990506.75,46,46,46,46
2830,T990506.76,35,35,35,35
2831,T990506.77,52,52,52,52
2832,T990506.78,129,129,129,129
2833,T990506.79,79,79,79,79
2834,T990506.8,14,14,14,14
2835,T990506.80,3,3,3,3
2836,T990506.81,23,23,23,23
2837,T990506.82,10,10,10,10
2838,T990506.84,32,32,32,32
2839,T990506.87,21,21,21,21
2840,T990506.88,40,40,40,40
2841,T990506.89,19,19,19,19
2842,T990506.9,7,7,7,7
2843,T990506.90,95,95,95,95
2844,T990506.93,20,20,20,20
2845,T990506.94,2,2,2,2
2846,T990506.95,25,25,25,25
2847,T990506.96,89,89,89,89
2848,T990506.97,27,27,27,27
2849,T990506.98,37,37,37,37
2850,T990506.99,2,2,2,2
2851,T990507.10,5,5,5,5
2852,T990507.101,18,18,18,18
2853,T990507.102,42,42,42,42
2854,T990507.103,34,34,34,34
2855,T990507.104,38,38,38,38
2856,T990507.105,32,32,32,32
2857,T990507.107,120,120,120,120
2858,T990507.11,6,6,6,6
2859,T990507.111,54,54,54,54
2860,T990507.112,78,78,78,78
2861,T990507.113,59,59,59,59
2862,T990507.114,22,22,22,22
2863,T990507.116,19,19,19,19
2864,T990507.117,15,15,15,15
2865,T990507.118,25,25,25,25
2866,T990507.119,80,80,80,80
2867,T990507.12,35,35,35,35
2868,T990507.123,115,115,115,115
2869,T990507.124,54,54,54,54
2870,T990507.125,30,30,30,30
2871,T990507.128,18,18,18,18
2872,T990507.129,8,8,8,8
2873,T990507.13,30,30,30,30
2874,T990507.130,3,3,3,3
2875,T990507.131,11,11,11,11
2876,T990507.132,47,47,47,47
2877,T990507.133,9,9,9,9
2878,T990507.134,62,62,62,62
2879,T990507.135,7,7,7,7
2880,T990507.136,58,58,58,58
2881,T990507.137,35,35,35,35
2882,T990507.139,16,16,16,16
2883,T990507.140,47,47,47,47
2884,T990507.141,30,30,30,30
2885,T990507.143,51,51,51,51
2886,T990507.145,9,9,9,9
2887,T990507.146,7,7,7,7
2888,T990507.147,5,5,5,5
2889,T990507.148,7,7,7,7
2890,T990507.149,5,5,5,5
2891,T990507.15,40,40,40,40
2892,T990507.150,7,7,7,7
2893,T990507.151,6,6,6,6
2894,T990507.152,5,5,5,5
2895,T990507.153,55,55,55,55
2896,T990507.154,92,92,92,92
2897,T990507.156,46,46,46,46
2898,T990507.157,28,28,28,28
2899,T990507.158,32,32,32,32
2900,T990507.16,5,5,5,5
2901,T990507.160,9,9,9,9
2902,T990507.161,8,8,8,8
2903,T990507.162,108,108,108,108
2904,T990507.164,42,42,42,42
2905,T990507.165,67,67,67,67
2906,T990507.166,4,4,4,4
2907,T990507.167,23,23,23,23
2908,T990507.168,12,12,12,12
2909,T990507.169,70,70,70,70
2910,T990507.17,6,6,6,6
2911,T990507.173,63,63,63,63
2912,T990507.174,97,97,97,97
2913,T990507.175,42,42,42,42
2914,T990507.176,3,3,3,3
2915,T990507.178,25,25,25,25
2916,T990507.179,61,61,61,61
2917,T990507.180,77,77,77,77
2918,T990507.181,38,38,38,38
2919,T990507.182,70,70,70,70
2920,T990507.184,38,38,38,38
2921,T990507.186,24,24,24,24
2922,T990507.187,8,8,8,8
2923,T990507.188,10,10,10,10
2924,T990507.189,9,9,9,9
2925,T990507.19,36,36,36,36
2926,T990507.190,5,5,5,5
2927,T990507.191,11,11,11,11
2928,T990507.192,7,7,7,7
2929,T990507.193,6,6,6,6
2930,T990507.194,45,45,45,45
2931,T990507.196,30,30,30,30
2932,T990507.197,23,23,23,23
2933,T990507.198,34,34,34,34
2934,T990507.199,167,167,167,167
2935,T990507.2,87,87,87,87
2936,T990507.20,6,6,6,6
2937,T990507.201,26,26,26,26
2938,T990507.202,88,88,88,88
2939,T990507.205,23,23,23,23
2940,T990507.207,96,96,96,96
2941,T990507.21,15,15,15,15
2942,T990507.211,76,76,76,76
2943,T990507.212,86,86,86,86
2944,T990507.213,76,76,76,76
2945,T990507.214,52,52,52,52
2946,T990507.215,57,57,57,57
2947,T990507.217,115,115,115,115
2948,T990507.219,49,49,49,49
2949,T990507.22,38,38,38,38
2950,T990507.221,73,73,73,73
2951,T990507.222,27,27,27,27
2952,T990507.224,25,25,25,25
2953,T990507.226,4,4,4,4
2954,T990507.23,80,80,80,80
2955,T990507.24,71,71,71,71
2956,T990507.25,12,12,12,12
2957,T990507.27,34,34,34,34
2958,T990507.28,60,60,60,60
2959,T990507.29,4,4,4,4
2960,T990507.3,26,26,26,26
2961,T990507.30,5,5,5,5
2962,T990507.31,3,3,3,3
2963,T990507.33,94,94,94,94
2964,T990507.34,2,2,2,2
2965,T990507.35,52,52,52,52
2966,T990507.36,39,39,39,39
2967,T990507.37,18,18,18,18
2968,T990507.39,48,48,48,48
2969,T990507.4,17,17,17,17
2970,T990507.40,23,23,23,23
2971,T990507.41,20,20,20,20
2972,T990507.42,14,14,14,14
2973,T990507.44,22,22,22,22
2974,T990507.46,37,37,37,37
2975,T990507.47,26,26,26,26
2976,T990507.48,31,31,31,31
2977,T990507.49,2,2,2,2
2978,T990507.5,33,33,33,33
2979,T990507.50,6,6,6,6
2980,T990507.51,5,5,5,5
2981,T990507.53,2,2,2,2
2982,T990507.54,5,5,5,5
2983,T990507.56,81,81,81,81
2984,T990507.57,40,40,40,40
2985,T990507.58,21,21,21,21
2986,T990507.59,12,12,12,12
2987,T990507.60,9,9,9,9
2988,T990507.61,8,8,8,8
2989,T990507.62,2,2,2,2
2990,T990507.63,4,4,4,4
2991,T990507.66,89,89,89,89
2992,T990507.7,19,19,19,19
2993,T990507.70,33,33,33,33
2994,T990507.84,27,27,27,27
2995,T990507.85,14,14,14,14
2996,T990507.86,4,4,4,4
2997,T990507.87,10,10,10,10
2998,T990507.88,3,3,3,3
2999,T990507.89,7,7,7,7
3000,T990507.9,11,11,11,11
3001,T990507.90,16,16,16,16
3002,T990507.91,9,9,9,9
3003,T990507.92,2,2,2,2
3004,T990507.93,37,37,37,37
3005,T990507.94,92,92,92,92
3006,T990507.96,4,4,4,4
3007,T990507.97,8,8,8,8
3008,T990507.98,2,2,2,2
3009,T990507.99,62,62,62,62
